"city";"street";"house";"floor"
"Барнаул";"Дальняя улица";56;2
"Братск";"Большая Октябрьская улица";65;5
"Балаково";"Барыши, местечко";67;2
"Азов";"Просека, улица";156;3
"Видное";"Авиаторов, улица";185;3
"Братск";"7-я Вишнёвая улица";49;5
"Батайск";"Мостотреста, улица";133;4
"Великий Новгород";"Филимонковская улица";44;1
"Абакан";"2-я Валуевская улица";172;3
"Бугульма";"Варшавское шоссе";92;2
"Ачинск";"Варшавское шоссе";39;4
"Балашов";"Учительский переулок";184;1
"Бийск";"Сиреневая улица";14;3
"Армавир";"Песчаная улица";69;1
"Ачинск";"3-я Барышевская улица";154;3
"Астрахань";"4-й Заречный переулок";100;5
"Владивосток";"Дальняя улица";196;3
"Белово";"Симферопольская улица";116;1
"Владивосток";"Родниковая улица";105;1
"Бугульма";"Маршала Кутахова, улица";91;1
"Архангельск";"Лесхозная улица";85;3
"Армавир";"Евгения Родионова, улица";22;4
"Белебей";"Маршала Кутахова, улица";93;1
"Астрахань";"Еловая улица";52;5
"Бийск";"Вишнёвая улица";128;5
"Абакан";"Симферопольская улица";177;2
"Благовещенск";"Михаила Кондакова, улица";31;2
"Братск";"2-я Катерная улица";60;4
"Буйнакск";"Московская улица";142;2
"Балаково";"Лагерная улица";122;4
"Абакан";"Барышевская улица";69;3
"Балашов";"1-й Богородский переулок";7;1
"Бердск";"4-я Майская улица";53;3
"Бугульма";"1-я Мичуринская улица";13;4
"Ангарск";"5-я Майская улица";197;3
"Анжеро-Судженск";"Люблинская улица";42;1
"Балашиха";"Живописная улица";113;2
"Брянск";"1-я Майская улица";20;1
"Бор";"Барышевская Роща, улица";52;2
"Благовещенск";"Спортивная улица";3;3
"Видное";"Первомайская улица";92;2
"Астрахань";"2-я Мичуринская улица";2;4
"Верхняя Пышма";"Бутовское Кольцо, улица";178;2
"Арзамас";"Герцена, улица";83;5
"Благовещенск";"Центральная улица";161;5
"Бор";"Большая Октябрьская улица";140;3
"Березовский";"1-я Валуевская улица";77;1
"Артем";"Михаила Кондакова, улица";177;5
"Архангельск";"Фруктовая улица";135;2
"Великие Луки";"Звёздная улица";188;1
"Благовещенск";"1-й Богородский переулок";79;1
"Бийск";"Вишнёвая улица";178;3
"Ангарск";"Космонавтов, улица";123;3
"Бийск";"Комсомольская улица";3;2
"Березники";"Парковая улица";149;1
"Белорецк";"Овражная улица";97;3
"Алексин";"Речная улица";185;1
"Апатиты";"Совхозная улица";87;4
"Абакан";"Пушковых, улица";97;2
"Березники";"Заречная улица";10;2
"Брянск";"Комсомольский переулок";136;3
"Барнаул";"Комсомольский проезд";91;3
"Арсеньев";"Мостотреста, улица";13;1
"Бийск";"Светлая улица";147;4
"Альметьевск";"3-я Пионерская улица";176;2
"Белореченск";"Суворова, улица";121;4
"Боровичи";"Быковская улица";2;2
"Асбест";"Щербинский проезд";110;1
"Бор";"Сиреневый бульвар";198;5
"Белебей";"Суворова, улица";139;4
"Бердск";"Флотская улица";197;1
"Анжеро-Судженск";"Остафьевская улица";85;1
"Видное";"Большая Октябрьская улица";174;4
"Березовский";"Академическая улица";80;4
"Балашиха";"Кооперативная улица";13;1
"Анжеро-Судженск";"2-я Рыбацкая улица";71;5
"Астрахань";"Флотская улица";84;1
"Белореченск";"Михаила Кондакова, улица";196;4
"Буйнакск";"Космонавтов, улица";189;5
"Белогорск";"Рождественская улица";73;1
"Барнаул";"1-я Катерная улица";62;3
"Бердск";"4-я Майская улица";53;3
"Бугульма";"1-я Мичуринская улица";13;4
"Ангарск";"5-я Майская улица";197;3
"Анжеро-Судженск";"Люблинская улица";42;1
"Балашиха";"Живописная улица";113;2
"Брянск";"1-я Майская улица";20;1
"Бор";"Барышевская Роща, улица";52;2
"Благовещенск";"Спортивная улица";3;3
"Видное";"Первомайская улица";92;2
"Астрахань";"2-я Мичуринская улица";2;4
"Верхняя Пышма";"Бутовское Кольцо, улица";178;2
"Арзамас";"Герцена, улица";83;5
"Благовещенск";"Центральная улица";161;5
"Бор";"Большая Октябрьская улица";140;3
"Березовский";"1-я Валуевская улица";77;1
"Артем";"Михаила Кондакова, улица";177;5
"Архангельск";"Фруктовая улица";135;2
"Великие Луки";"Звёздная улица";188;1
"Абакан";"Рассветная улица";179;4
"Белореченск";"Прудная улица";25;5
"Анжеро-Судженск";"Калужское шоссе";67;5
"Борисоглебск";"1-я Мичуринская улица";51;1
"Буденновск";"Кленовый переулок";139;5
"Балашиха";"Рыбацкий переулок";107;5
"Березники";"4-я Майская улица";172;4
"Анжеро-Судженск";"Пионерский проезд";131;3
"Батайск";"Колобенка, улица";68;2
"Балахна";"4-я Майская улица";55;2
"Арсеньев";"Железнодорожная улица";32;1
"Великий Новгород";"Текстильщиков, улица";14;2
"Владивосток";"2-я Пионерская, улица";128;2
"Брянск";"Симферопольское шоссе";147;5
"Бердск";"Авиаторов, улица";153;3
"Альметьевск";"4-я Майская улица";42;1
"Боровичи";"Флотская улица";81;5
"Арзамас";"СНТ Волна, улица";22;3
"Бердск";"2-я Лазурная улица";100;5
"Биробиджан";"3-я Пионерская улица";120;5
"Астрахань";"Живописная улица";173;3
"Белебей";"Сатинская аллея";76;1
"Борисоглебск";"Полковника милиции Курочкина, улица";194;2
"Буйнакск";"Рабочая улица";123;4
"Ангарск";"Герцена, улица";53;1
"Бор";"Фруктовая улица";121;2
"Владивосток";"Героя России Чернышёва, улица";20;1
"Бор";"Парковая улица";166;5
"Буйнакск";"Дзержинского, улица";143;4
"Апатиты";"Цветочная улица";45;3
"Анжеро-Судженск";"Красноармейская улица";30;1
"Армавир";"Сиреневая улица";48;3
"Азов";"Заречная улица";147;4
"Братск";"Кирова, улица";38;2
"Владивосток";"Июльская улица";121;4
"Артем";"Восточная улица";40;1
"Белогорск";"Осенняя улица";63;1
"Батайск";"Полковника милиции Курочкина, улица";67;4
"Абакан";"1-я Майская улица";169;4
"Боровичи";"3-я Барышевская улица";16;1
"Апатиты";"Гоголя, улица";153;4
"Азов";"Изумрудная улица";194;5
"Буденновск";"Заозёрная улица";141;1
"Апатиты";"Суворова, улица";68;1
"Владивосток";"Тупик, улица";79;1
"Армавир";"3-я Рыбацкая улица";41;1
"Архангельск";"Комсомольский проезд";112;3
"Балаково";"Прудная улица";79;3
"Батайск";"Толбухина, улица";188;3
"Артем";"2-я Барышевская улица";186;3
"Барнаул";"Песчаная улица";99;2
"Верхняя Пышма";"1-я Валуевская улица";93;2
"Березники";"Железнодорожная улица";88;4
"Буденновск";"Филимонковская улица";95;2
"Алексин";"Текстильщиков, улица";53;5
"Бор";"Родниковая улица";68;4
"Александров";"Западная улица";131;4
"Астрахань";"3-я Майская улица";164;3
"Белово";"Пушкинская улица";121;5
"Белово";"1-й Терновый переулок";109;3
"Великий Новгород";"Фабричная площадь";171;3
"Буденновск";"Быковская улица";74;5
"Бузулук";"Авиационная улица";72;4
"Буйнакск";"Южный квартал";117;1
"Бор";"Герцена, улица";37;2
"Бор";"Новостройка, улица";109;5
"Батайск";"Институтская улица";157;3
"Белореченск";"6-й Кленовый переулок";158;4
"Белебей";"2-я Пионерская, улица";103;4
"Боровичи";"Генерала Максимчука, улица";118;2
"Белово";"Звёздная улица";169;5
"Великий Новгород";"Заводская улица";21;4
"Березники";"6-й Кленовый переулок";162;3
"Бердск";"Заводская улица";46;4
"Апатиты";"Тихая улица";101;3
"Балахна";"1-я Валуевская улица";98;4
"Архангельск";"Академика Верещагина, площадь";26;2
"Балашов";"Маяковского, улица";121;5
"Арзамас";"3-я Рыбацкая улица";7;1
"Ачинск";"Изумрудная улица";108;4
"Верхняя Пышма";"Колхозная улица";69;5
"Балашов";"Дальняя улица";115;4
"Александров";"Садовый Квартал, улица";28;1
"Артем";"Рабочая улица";181;1
"Балаково";"Бутовский тупик";115;3
"Армавир";"1-я Катерная улица";185;5
"Борисоглебск";"Пушкинская улица";68;1
"Александров";"3-я Пионерская улица";111;1
"Белогорск";"2-я Рыбацкая улица";181;5
"Арзамас";"Капитанская улица";112;5
"Барнаул";"Рождественская улица";10;2
"Березовский";"2-я Валуевская улица";42;4
"Артем";"Заречная улица";94;2
"Армавир";"Маяковского, улица";108;2
"Артем";"Кооперативная улица";9;3
"Бузулук";"2-я Вишнёвая улица";161;5
"Белебей";"Кооперативная улица";48;4
"Батайск";"Чапаева, улица";89;1
"Бузулук";"Лесная улица";115;2
"Березовский";"Комсомольская улица";100;3
"Армавир";"Новая улица";16;2
"Барнаул";"Ясная улица";144;4
"Великие Луки";"Мичурина, улица";41;4
"Бузулук";"Чапаева, улица";95;5
"Арсеньев";"Железнодорожная улица";32;1
"Великий Новгород";"Текстильщиков, улица";14;2
"Владивосток";"2-я Пионерская, улица";128;2
"Брянск";"Симферопольское шоссе";147;5
"Бердск";"Авиаторов, улица";153;3
"Альметьевск";"4-я Майская улица";42;1
"Боровичи";"Флотская улица";81;5
"Арзамас";"СНТ Волна, улица";22;3
"Бердск";"2-я Лазурная улица";100;5
"Биробиджан";"3-я Пионерская улица";120;5
"Астрахань";"Живописная улица";173;3
"Белебей";"Сатинская аллея";76;1
"Борисоглебск";"Полковника милиции Курочкина, улица";194;2
"Буйнакск";"Рабочая улица";123;4
"Ангарск";"Герцена, улица";53;1
"Бор";"Фруктовая улица";121;2
"Владивосток";"Героя России Чернышёва, улица";20;1
"Бор";"Парковая улица";166;5
"Буйнакск";"Дзержинского, улица";143;4
"Апатиты";"Цветочная улица";45;3
"Видное";"Трудовая улица";189;5
"Апатиты";"Набережная улица";52;2
"Видное";"Первомайская улица";67;2
"Балаково";"Городская улица";176;2
"Арсеньев";"Новостроевская улица";94;1
"Бугульма";"Лесная улица";109;2
"Анжеро-Судженск";"1-й Богородский переулок";178;4
"Видное";"Андреевская улица";11;5
"Анжеро-Судженск";"Дзержинского, улица";140;2
"Ачинск";"Чапаева, улица";180;1
"Биробиджан";"Первомайская улица";147;2
"Александров";"Летняя улица";181;3
"Алексин";"Весенняя улица";47;5
"Балашов";"3-й Кленовый переулок";150;2
"Березовский";"Академическая улица";64;4
"Бузулук";"Южная улица";67;3
"Анжеро-Судженск";"2-я Изумрудная улица";190;3
"Ачинск";"Мостотреста, улица";41;2
"Апатиты";"Светлая улица";40;1
"Белебей";"Светлый бульвар";119;5
"Анапа";"Сорок Лет Октября, улица";131;1
"Балахна";"Июльская улица";48;2
"Альметьевск";"Изумрудная улица";168;1
"Боровичи";"Большая Октябрьская улица";124;1
"Батайск";"Лесная улица (поселок Щапово)";178;5
"Асбест";"Ягодная улица";51;3
"Благовещенск";"Радужная улица";159;1
"Бердск";"Песчаная улица";198;4
"Братск";"Анны Воиновой, улица";80;4
"Бор";"Андреевская улица";196;2
"Верхняя Пышма";"Горка, улица";123;4
"Братск";"Октябрьский проспект";9;1
"Бердск";"Заозёрная улица";1;3
"Белово";"Песчаная улица";140;1
"Братск";"Киевское шоссе";166;4
"Белогорск";"Московская улица";181;3
"Борисоглебск";"Институтская улица";70;4
"Бузулук";"Спортивная улица";80;2
"Братск";"Сиреневая улица";107;2
"Артем";"4-й Заречный переулок";199;1
"Бор";"Русинская Роща, улица";182;3
"Брянск";"Физическая улица";155;4
"Апатиты";"Улица Александровы Пруды";135;5
"Бор";"Высотная улица";47;3
"Белово";"Южная улица";34;1
"Александров";"Генерала Максимчука, улица";141;4
"Абакан";"Кирова, улица";134;2
"Брянск";"Новостроевская улица";167;3
"Великие Луки";"Фабричная площадь";47;1
"Архангельск";"Почтовая улица";172;4
"Видное";"Заозёрная улица";70;3
"Бор";"Восточная улица";117;2
"Бийск";"Прудная улица";30;5
"Балахна";"Пушковых, улица";132;5
"Апатиты";"Михаила Кондакова, улица";149;2
"Верхняя Пышма";"Генерала Максимчука, улица";134;4
"Бугульма";"2-я Центральная улица";194;5
"Белогорск";"Филимонковская улица";62;4
"Балаково";"5-я Вишнёвая улица";88;3
"Ангарск";"Водопроводная улица";172;4
"Балаково";"Ново-Западная улица";158;3
"Бор";"3-я Лазурная улица";120;5
"Бор";"Евгения Родионова, улица";181;2
"Балаково";"Речная улица";165;5
"Владивосток";"Почтовая улица";46;4
"Армавир";"Киевское шоссе";55;2
"Ачинск";"Стасовой, улица";105;3
"Астрахань";"Кленовый переулок";105;2
"Видное";"Западная улица";9;5
"Барнаул";"Озёрная улица";192;2
"Бугульма";"2-я Катерная улица";18;2
"Бузулук";"Сатинская аллея";198;2
"Верхняя Пышма";"1-я Мичуринская улица";9;5
"Александров";"4-й Кленовый переулок";113;3
"Анжеро-Судженск";"Институтская улица";90;2
"Апатиты";"Быковская улица";176;5
"Алексин";"Киевское шоссе";2;1
"Владивосток";"5-я Вишнёвая улица";113;2
"Белогорск";"Чехова, улица";60;2
"Белогорск";"Еловая улица";34;3
"Ачинск";"Стасовой, улица";156;2
"Анапа";"Красноармейская улица";137;2
"Верхняя Пышма";"Текстильщиков, улица";31;1
"Белебей";"Ягодная улица";10;2
"Верхняя Пышма";"Чайковского, улица";55;3
"Борисоглебск";"Авиаторов, улица";182;4
"Балашов";"Лесная улица (поселок Щапово)";118;2
"Видное";"Флотская улица";190;1
"Великие Луки";"Чкалова, улица";151;4
"Анжеро-Судженск";"2-я Лазурная улица";140;4
"Батайск";"Олега Кошевого, улица";139;5
"Балахна";"Просека, улица";23;2
"Биробиджан";"Просека, улица";24;1
"Балахна";"Большая Октябрьская улица";145;5
"Белогорск";"7-я Вишнёвая улица";125;5
"Апатиты";"Рассветная улица";132;2
"Барнаул";"Промышленная улица";122;5
"Благовещенск";"5-я Вишнёвая улица";98;4
"Апатиты";"Генерала Трошева, улица";104;3
"Бердск";"4-я Майская улица";64;2
"Барнаул";"Луговая улица";49;4
"Астрахань";"4-я Вишнёвая улица";122;1
"Белово";"3-я Рыбацкая улица";23;4
"Боровичи";"6-я Вишнёвая улица";38;5
"Асбест";"Песчаная улица";55;3
"Братск";"1-я Катерная улица";34;4
"Белореченск";"2-я Изумрудная улица";174;2
"Александров";"Школьная улица";75;3
"Балашиха";"Луговая улица";9;3
"Анжеро-Судженск";"Колхозная улица";5;3
"Братск";"2-й Богородский переулок";186;3
"Александров";"Песчаная улица";197;4
"Белогорск";"Академическая площадь";110;4
"Артем";"Горка, улица";63;3
"Балашиха";"Южная улица";53;4
"Арзамас";"Песчаная улица";94;4
"Верхняя Пышма";"3-я Вишнёвая улица";94;4
"Бор";"Комсомольский переулок";50;3
"Брянск";"6-я Вишнёвая улица";176;3
"Буйнакск";"3-я Вишнёвая улица";59;3
"Видное";"Берёзовая улица";123;4
"Бузулук";"Колхозная улица";56;3
"Азов";"Учительский переулок";188;5
"Белово";"Ясная улица";133;1
"Белебей";"2-я Рыбацкая улица";48;3
"Балашиха";"2-я Центральная улица";165;2
"Алексин";"3-я Лазурная улица";156;5
"Анапа";"1-я Катерная улица";107;1
"Ангарск";"Капитанская улица";34;4
"Великий Новгород";"Промышленная улица";138;3
"Братск";"Нагорная улица";124;1
"Белореченск";"Барышевская улица";126;2
"Балаково";"Кленовый переулок";98;5
"Великий Новгород";"Дорожная улица";96;1
"Арзамас";"Театральная улица";92;4
"Ангарск";"5-я Майская улица";68;3
"Балашов";"Садовый квартал, улица";95;5
"Борисоглебск";"3-й Богородский переулок";35;2
"Архангельск";"1-я Изумрудная улица";72;3
"Арсеньев";"Пионерская улица";174;2
"Анжеро-Судженск";"Зелёная улица";63;2
"Бийск";"Ломоносова, улица";19;1
"Армавир";"Сатинская аллея";65;1
"Боровичи";"Садовая улица";91;4
"Бор";"Западная улица";199;3
"Абакан";"Чапаева, улица";154;4
"Борисоглебск";"Нагорная улица";130;2
"Алексин";"Заречная улица";167;1
"Барнаул";"Анны Воиновой, улица";84;4
"Белебей";"Колхозная улица";124;1
"Балахна";"Садовая улица";107;2
"Анапа";"Флотская улица";180;1
"Белогорск";"Полковника милиции Курочкина, улица";150;2
"Балахна";"Прудовая улица";36;3
"Балаково";"Стасовой, улица";55;4
"Балахна";"2-я Пионерская, улица";164;1
"Армавир";"Набережная улица";4;5
"Асбест";"Радужная улица";138;2
"Белореченск";"1-й Богородский переулок";121;3
"Владивосток";"Дорожная улица";117;5
"Асбест";"Пушкинская улица";96;4
"Боровичи";"Зелёная улица";156;2
"Анапа";"Железнодорожная улица";192;3
"Видное";"3-я Майская улица";76;4
"Буденновск";"4-й Кленовый переулок";113;5
"Буйнакск";"Быковская улица";199;1
"Балахна";"2-я Барышевская улица";29;5
"Бийск";"Лесхозная улица";98;3
"Арсеньев";"Лесхозная улица";120;1
"Астрахань";"Берёзовая улица (деревня Бурцево)";45;2
"Буйнакск";"Генерала Трошева, улица";62;1
"Альметьевск";"Колхозная улица";175;2
"Белорецк";"Дошкольная улица";168;2
"Абакан";"Кооперативная улица";29;5
"Березники";"2-я Пионерская, улица";180;2
"Верхняя Пышма";"Фабричная площадь";13;5
"Балашов";"6-я Вишнёвая улица";48;1
"Благовещенск";"Флотская улица";145;2
"Азов";"2-я Катерная улица";132;1
"Биробиджан";"1-я Пионерская улица";21;2
"Альметьевск";"Садовая улица";180;1
"Бор";"Живописная улица";79;2
"Арсеньев";"1-я Рыбацкая улица";80;4
"Великие Луки";"Киевское шоссе";103;1
"Ангарск";"Текстильщиков, улица";136;4
"Артем";"Рыбацкий переулок";11;2
"Балашов";"Академическая площадь";163;3
"Березники";"Евгения Родионова, улица";11;5
"Бор";"4-й Кленовый переулок";15;4
"Боровичи";"Михаила Кондакова, улица";22;4
"Бор";"1-я Барышевская улица";12;5
"Алексин";"Симферопольская улица";33;1
"Балашиха";"Прудовая улица";33;1
"Балахна";"Майская улица";173;3
"Березники";"Киевское шоссе";75;5
"Бугульма";"Партизанская улица";140;1
"Владивосток";"Изумрудная улица";143;1
"Белореченск";"Лагерная улица";25;4
"Ангарск";"Симферопольское шоссе";157;3
"Брянск";"Берёзовая улица (поселок Марьино)";115;1
"Ангарск";"Прудовая улица";161;5
"Балашов";"Фабричная площадь";74;3
"Алексин";"4-й Богородский переулок";143;1
"Владивосток";"Пионерская улица";54;3
"Видное";"Суворова, улица";75;4
"Великий Новгород";"Радужная улица";19;5
"Армавир";"Дзержинского, улица";148;2
"Белебей";"Лагерный переулок";59;4
"Видное";"Авиационная улица";195;1
"Артем";"Нагорная улица";166;4
"Абакан";"Просека, улица";189;4
"Арсеньев";"Рождественский переулок";69;2
"Боровичи";"Совхозная улица";155;4
"Белореченск";"Котовского, улица";153;2
"Бердск";"3-я Лазурная улица";31;4
"Верхняя Пышма";"6-я Вишнёвая улица";194;2
"Бузулук";"Восточная улица";195;1
"Бийск";"Комсомольский переулок";138;2
"Борисоглебск";"1-я Центральная улица";95;5
"Бийск";"Ломоносова, улица";107;4
"Абакан";"1-я Катерная улица";68;2
"Владивосток";"Софийская улица";74;4
"Верхняя Пышма";"Дружбы, улица";87;4
"Благовещенск";"Академика Верещагина, площадь";24;5
"Анжеро-Судженск";"4-й Заречный переулок";186;1
"Ачинск";"5-я Вишнёвая улица";7;3
"Великие Луки";"1-й Заречный переулок";28;1
"Балахна";"Лагерный переулок";160;5
"Ачинск";"4-й Заречный переулок";61;1
"Ангарск";"Люблинская улица";132;5
"Алексин";"Фабричная площадь";137;5
"Буйнакск";"Анатолия Харлампиева, улица";185;4
"Белогорск";"Мичурина, улица";61;3
"Балахна";"Кленовый переулок";172;4
"Борисоглебск";"Лермонтова, улица";52;3
"Асбест";"2-я Майская улица";176;5
"Березники";"Люблинская улица";83;3
"Буденновск";"Советская улица";13;3
"Армавир";"Зелёная улица";136;5
"Великие Луки";"Радужная улица";66;5
"Анжеро-Судженск";"Дачная улица";176;4
"Боровичи";"Флотская улица";177;4
"Александров";"Южный квартал";85;4
"Арзамас";"Щербинский проезд";58;3
"Брянск";"Майская улица";83;3
"Балашиха";"Анны Воиновой, улица";140;2
"Батайск";"Лесхозная улица";162;5
"Березовский";"Ново-Западная улица";103;4
"Белово";"Быковская улица";116;3
"Анапа";"Советская улица";108;1
"Бугульма";"6-я Вишнёвая улица";194;5
"Бузулук";"4-й Богородский переулок";140;5
"Барнаул";"Октябрьская улица";24;1
"Братск";"Луговая улица";162;5
"Алексин";"Весенняя улица";115;2
"Барнаул";"Кооперативная улица";28;5
"Абакан";"Дзержинского, улица";71;1
"Благовещенск";"Первомайская улица";79;1
"Великие Луки";"5-я Майская улица";28;2
"Артем";"4-й Кленовый переулок";82;5
"Бор";"Парковый переулок";196;5
"Астрахань";"Рабочая улица";74;1
"Бугульма";"Горка, улица";73;4
"Бердск";"Генерала Трошева, улица";58;1
"Борисоглебск";"Заозёрная улица";187;3
"Арсеньев";"3-я Лазурная улица";124;4
"Верхняя Пышма";"Ново-Западная улица";26;1
"Арзамас";"Чайковского, улица";107;5
"Березники";"4-й Кленовый переулок";9;2
"Ангарск";"Индустриальная улица";2;2
"Братск";"Авиационная улица";43;3
"Бердск";"Рассветная улица";79;2
"Балахна";"Колхозная улица";144;3
"Альметьевск";"Светлый бульвар";36;3
"Анапа";"Бутовский тупик";34;2
"Видное";"Ново-Западная улица";192;5
"Балаково";"Южный квартал";40;4
"Белогорск";"3-я Майская улица";33;3
"Братск";"Парковая улица";36;3
"Бийск";"Дальняя улица";37;4
"Белгород";"Рождественский переулок";162;5
"Ачинск";"Автомобильная дорога А-107";75;5
"Буденновск";"4-й Богородский переулок";134;5
"Белгород";"Подольская улица";92;4
"Бугульма";"Лермонтова, улица";142;2
"Белогорск";"Барышевская Роща, улица";114;1
"Алексин";"5-я Майская улица";192;1
"Артем";"Маршала Кутахова, улица";67;3
"Великие Луки";"Подольская улица";113;4
"Березники";"Калужское шоссе";43;3
"Белебей";"Филимонковская улица";30;2
"Апатиты";"Анатолия Харлампиева, улица";14;4
"Белово";"Северная улица";5;1
"Анапа";"Энгельса, улица";195;5
"Белореченск";"1-й Богородский переулок";165;3
"Братск";"Колхозная улица";64;4
"Азов";"Институтская улица";98;2
"Бузулук";"Стасовой, улица";81;1
"Абакан";"Михаила Кондакова, улица";91;3
"Белореченск";"Сосновая улица";146;4
"Балаково";"Сорок Лет Октября, улица";30;1
"Ачинск";"Центральная улица";70;2
"Видное";"Сорок Лет Октября, улица";79;1
"Александров";"Полковника милиции Курочкина, улица";14;5
"Балахна";"3-я Майская улица";164;3
"Белово";"Комсомольский проезд";174;1
"Асбест";"Светлый бульвар";103;1
"Бийск";"Богородская улица";107;4
"Брянск";"Весенняя улица";100;5
"Великий Новгород";"Академическая площадь";9;3
"Бийск";"Генерала Трошева, улица";145;2
"Абакан";"Садовая улица";165;1
"Альметьевск";"Светлая улица";104;2
"Алексин";"Софийская улица";56;1
"Березники";"Фруктовая улица";7;1
"Боровичи";"1-я Изумрудная улица";79;1
"Астрахань";"Лагерная улица";91;5
"Арзамас";"2-я Майская улица";111;3
"Артем";"Еловая улица";167;5
"Барнаул";"8-я Вишнёвая улица";20;3
"Владивосток";"Набережная улица";3;1
"Белореченск";"Фабричная площадь";142;5
"Благовещенск";"Речная улица";146;5
"Анжеро-Судженск";"Лермонтова, улица";190;2
"Астрахань";"Чкалова, улица";165;3
"Белово";"Просека, улица";47;5
"Балахна";"Изумрудная улица";183;4
"Балахна";"3-я Рыбацкая улица";191;5
"Анжеро-Судженск";"Барыши, местечко";16;1
"Батайск";"Толбухина, улица";122;1
"Белогорск";"Урожайная улица";83;1
"Березники";"Пушкинская улица";42;1
"Ачинск";"Сиреневая улица";176;2
"Боровичи";"Барыши, местечко";48;1
"Бор";"Нагорная улица";74;3
"Ангарск";"2-я Пионерская, улица";35;5
"Анжеро-Судженск";"Трудовая улица";76;3
"Белгород";"Сатинская аллея";10;2
"Артем";"Октябрьский проспект";116;2
"Александров";"Сиреневая улица";52;3
"Великий Новгород";"Андреевская улица";175;1
"Великий Новгород";"Московская улица";114;4
"Белебей";"3-я Вишнёвая улица";99;5
"Балашов";"Дошкольная улица";103;1
"Белогорск";"Набережная улица";157;3
"Архангельск";"Институтская улица";194;2
"Борисоглебск";"Лесная улица (поселок Щапово)";30;5
"Белорецк";"1-й Заречный переулок";164;2
"Белебей";"Прибрежная улица";69;1
"Боровичи";"Сосновая улица";45;1
"Буденновск";"Академическая площадь";125;3
"Боровичи";"3-я Лазурная улица";106;2
"Артем";"Кленовый переулок";52;3
"Апатиты";"Южный квартал";76;1
"Буйнакск";"Парковый переулок";97;3
"Абакан";"Прудная улица";44;3
"Александров";"Чапаева, улица";118;5
"Александров";"2-я Центральная улица";17;1
"Братск";"Звёздная улица";29;1
"Алексин";"Автомобильная дорога А-107";86;3
"Владивосток";"Остафьевское шоссе";108;4
"Артем";"2-я Центральная улица";60;4
"Благовещенск";"1-я Рыбацкая улица";43;4
"Анжеро-Судженск";"Барышевская Роща, улица";118;3
"Владивосток";"5-я Майская улица";28;2
"Березники";"Пушкинская улица";2;1
"Апатиты";"Физическая улица";197;4
"Великий Новгород";"Чайковского, улица";32;5
"Бийск";"3-я Пионерская улица";75;2
"Апатиты";"1-й Заречный переулок";123;1
"Ачинск";"Рождественский переулок";132;2
"Альметьевск";"Анны Воиновой, улица";116;2
"Артем";"Подольская улица";1;5
"Балашов";"Садовый квартал, улица";28;4
"Биробиджан";"Тимирязева, улица";149;3
"Белогорск";"Новостроевская улица";63;2
"Апатиты";"Мичурина, улица";103;1
"Бугульма";"Быковская улица";69;5
"Асбест";"Индустриальная улица";185;1
"Артем";"Академическая площадь";52;3
"Александров";"Мичурина, улица";166;1
"Белово";"Суворова, улица";145;5
"Альметьевск";"Флотская улица";55;3
"Альметьевск";"Сатинская аллея";187;4
"Верхняя Пышма";"Обводная Дорога, улица";75;2
"Белебей";"Юбилейная улица";20;5
"Березники";"Лагерная улица";10;1
"Астрахань";"Щербинский проезд";69;4
"Березовский";"Гоголя, улица";57;2
"Борисоглебск";"3-я Майская улица";14;1
"Владивосток";"Мирная улица";90;1
"Белгород";"Садовый квартал, улица";119;2
"Буденновск";"Железнодорожная улица";127;5
"Брянск";"Берёзовая улица (поселок Марьино)";106;2
"Алексин";"2-я Центральная улица";199;1
"Березовский";"Речная улица";180;2
"Владивосток";"Нижняя улица";3;5
"Артем";"Симферопольская улица";104;4
"Верхняя Пышма";"Индустриальная улица";110;5
"Братск";"Космонавтов, улица";70;5
"Арсеньев";"Восточная улица";6;1
"Березники";"Стасовой, улица";60;5
"Александров";"Живописная улица";91;2
"Боровичи";"Первомайская улица";173;5
"Бугульма";"Сатинская аллея";108;5
"Балашов";"Садовая улица";119;4
"Буденновск";"Берёзовая улица (поселок Марьино)";143;1
"Анапа";"Рождественский переулок";9;1
"Алексин";"Берёзовая улица (поселок Марьино)";52;1
"Артем";"1-й Терновый переулок";167;2
"Балахна";"Светлый бульвар";192;3
"Братск";"Щербинский проезд";155;2
"Ангарск";"Маяковского, улица";105;4
"Великие Луки";"Летняя улица";143;2
"Великие Луки";"Чапаева, улица";48;3
"Благовещенск";"Рождественский переулок";105;1
"Балашов";"Совхозная улица";88;3
"Бердск";"Прудная улица";185;1
"Алексин";"Лагерный переулок";125;5
"Борисоглебск";"Садовый квартал, улица";157;2
"Великие Луки";"Водопроводная улица";107;5
"Балашов";"Театральная улица";67;2
"Анжеро-Судженск";"Анны Воиновой, улица";186;5
"Бугульма";"4-я Вишнёвая улица";34;2
"Бугульма";"Тупик, улица";135;1
"Боровичи";"Зелёная улица";13;1
"Анжеро-Судженск";"Ломоносова, улица";43;1
"Арзамас";"1-я Катерная улица";174;4
"Буденновск";"Озёрная улица";29;3
"Анапа";"Барыши, местечко";128;1
"Архангельск";"Северная улица";129;2
"Анжеро-Судженск";"Дачная улица";19;3
"Белгород";"2-я Пионерская, улица";170;3
"Видное";"Подмосковные вечера, улица";31;1
"Буденновск";"Осенняя улица";45;4
"Видное";"Тупик, улица";118;3
"Верхняя Пышма";"2-я Катерная улица";83;1
"Анжеро-Судженск";"Индустриальная улица";13;1
"Биробиджан";"Кленовый переулок";60;2
"Бийск";"СНТ Волна, улица";148;3
"Ангарск";"Маяковского, улица";196;3
"Бийск";"Сосновая улица";71;5
"Анапа";"Мирная улица";172;1
"Брянск";"Советская улица";178;2
"Буденновск";"Почтовая улица";109;5
"Бийск";"Лесная улица (поселок Курилово)";162;1
"Биробиджан";"Почтовая улица";88;2
"Батайск";"1-я Катерная улица";148;1
"Астрахань";"Рабочая улица";185;4
"Буйнакск";"Летняя улица";190;3
"Бугульма";"Чайковского, улица";159;3
"Балаково";"Луговая улица";124;3
"Видное";"Кутузова, улица";119;2
"Анапа";"Вокзальная улица";169;2
"Бор";"Дошкольная улица";120;4
"Альметьевск";"Прудная улица";62;2
"Белгород";"Русинская Роща, улица";117;1
"Балаково";"Юбилейная улица";58;3
"Видное";"Пионерская улица";82;4
"Боровичи";"Родниковая улица";172;3
"Анжеро-Судженск";"Сосновая улица";35;2
"Березовский";"Школьная улица";15;3
"Балашов";"Восточная улица";16;4
"Бердск";"Тупик, улица";33;1
"Белогорск";"Колхозная улица";112;2
"Ангарск";"Фруктовая улица";111;5
"Арзамас";"1-й Богородский переулок";46;4
"Артем";"6-я Вишнёвая улица";72;4
"Верхняя Пышма";"Дорожная улица";89;4
"Биробиджан";"Лесная улица (поселок Щапово)";116;1
"Архангельск";"Академика Верещагина, площадь";29;5
"Артем";"Бутовский тупик";157;5
"Артем";"Озёрная улица";50;5
"Барнаул";"Песчаная улица";21;3
"Армавир";"Театральная улица";11;4
"Видное";"Рождественский переулок";97;2
"Балахна";"Новая улица";131;1
"Великие Луки";"СНТ Волна, улица";77;4
"Арзамас";"Русинская Роща, улица";185;2
"Благовещенск";"Остафьевская улица";6;4
"Балашов";"Лермонтова, улица";9;5
"Бузулук";"Первомайская улица";21;4
"Видное";"Центральная улица";43;4
"Бор";"Заозёрная улица";66;1
"Видное";"Дзержинского, улица";44;4
"Белгород";"Большая Октябрьская улица";29;3
"Борисоглебск";"4-я Майская улица";137;4
"Асбест";"2-я Научная улица";160;5
"Алексин";"Стасова, улица";73;3
"Великий Новгород";"Чапаева, улица";29;2
"Архангельск";"Промышленная улица";104;5
"Барнаул";"Кленовый переулок";109;5
"Белово";"Мичурина, улица";118;4
"Белово";"Индустриальная улица";114;1
"Ачинск";"4-й Богородский переулок";179;3
"Бийск";"3-я Барышевская улица";31;1
"Азов";"Авиаторов, улица";77;5
"Белореченск";"Подмосковные вечера, улица";48;2
"Буйнакск";"Горка, улица";129;3
"Альметьевск";"Богородская улица";75;3
"Александров";"Автомобильная дорога А-107";140;4
"Брянск";"Песчаная улица";21;5
"Анапа";"1-я Пионерская улица";47;1
"Арсеньев";"Прибрежная улица";9;5
"Биробиджан";"Озёрная улица";37;2
"Биробиджан";"Сатинская аллея";30;3
"Абакан";"Фруктовая улица";83;4
"Белово";"3-я Барышевская улица";107;1
"Ангарск";"Рабочая улица";170;5
"Березовский";"Чайковского, улица";179;5
"Анжеро-Судженск";"1-я Майская улица";18;1
"Балашиха";"Подмосковные вечера, улица";1;5
"Боровичи";"1-й Терновый переулок";2;5
"Белебей";"Железнодорожная улица";151;4
"Александров";"Июльская улица";155;3
"Арсеньев";"1-й Заречный переулок";89;5
"Верхняя Пышма";"Софийская улица";98;4
"Братск";"Овражная улица";164;3
"Белогорск";"Лесхозная улица";157;2
"Бузулук";"3-я Рыбацкая улица";49;1
"Асбест";"Институтская улица";92;3
"Видное";"Прудовая улица";109;3
"Бузулук";"7-я Вишнёвая улица";30;1
"Азов";"Богородская улица";135;1
"Брянск";"Дошкольная улица";39;4
"Астрахань";"3-я Лазурная улица";110;4
"Бугульма";"Партизанская улица";165;3
"Буденновск";"Трудовая улица";162;5
"Балашиха";"Сиреневая улица";156;2
"Арзамас";"4-я Вишнёвая улица";117;4
"Белово";"Берёзовая улица";14;4
"Балахна";"Светлая улица";178;3
"Верхняя Пышма";"1-я Рыбацкая улица";102;2
"Балашиха";"2-я Центральная улица";109;5
"Бугульма";"4-й Богородский переулок";35;4
"Видное";"1-я Барышевская улица";14;1
"Астрахань";"Дзержинского, улица";68;2
"Белореченск";"Анатолия Харлампиева, улица";168;4
"Видное";"Красноармейская улица";133;1
"Бийск";"Стасова, улица";52;2
"Асбест";"1-я Пионерская улица";87;1
"Брянск";"Новостроевская улица";38;3
"Братск";"Кирова, улица";160;2
"Арсеньев";"Садовый Квартал, улица";154;1
"Березовский";"Пушковых, улица";15;5
"Видное";"Барыши, местечко";91;3
"Балашиха";"Северная улица";7;5
"Благовещенск";"Рождественская улица";92;1
"Армавир";"Маршала Кутахова, улица";99;5
"Видное";"8-я Вишнёвая улица";134;3
"Бор";"3-й Богородский переулок";141;4
"Бердск";"Пионерская улица";175;5
"Анжеро-Судженск";"3-й Кленовый переулок";191;5
"Арзамас";"2-й Богородский переулок";40;1
"Бор";"Учительский переулок";82;2
"Верхняя Пышма";"Железнодорожная улица";197;4
"Балашов";"Южная улица";101;3
"Белгород";"Партизанская улица";169;2
"Анжеро-Судженск";"2-я Катерная улица";128;1
"Буденновск";"Комсомольский проезд";83;1
"Белогорск";"Заозёрная улица";80;5
"Бор";"Лесная улица (поселок Курилово)";117;3
"Арзамас";"Чапаева, улица";170;2
"Артем";"Суворова, улица";75;3
"Белорецк";"2-я Рыбацкая улица";183;4
"Борисоглебск";"Красноармейская улица";127;4
"Азов";"Светлый бульвар";144;3
"Биробиджан";"2-я Научная улица";146;1
"Асбест";"Чайковского, улица";50;1
"Владивосток";"Михаила Кондакова, улица";158;2
"Бердск";"Московская улица";185;5
"Верхняя Пышма";"Лесная улица";5;3
"Белгород";"Южный квартал";94;4
"Арсеньев";"1-й Богородский переулок";159;3
"Бузулук";"Кутузова, улица";64;3
"Бийск";"Летняя улица";77;1
"Белогорск";"Овражная улица";52;3
"Белгород";"Молодёжная улица";70;4
"Буйнакск";"Рождественская улица";136;1
"Балашиха";"Дорожная улица";30;5
"Балаково";"Светлая улица";175;4
"Апатиты";"Красноармейская улица";163;5
"Бердск";"Прудовая улица";187;5
"Березовский";"Овражная улица";10;2
"Братск";"Прудная улица";38;4
"Великие Луки";"Пушковых, улица";105;1
"Биробиджан";"Маршала Кутахова, улица";167;4
"Артем";"5-я Вишнёвая улица";31;2
"Абакан";"Ясная улица";57;3
"Ачинск";"1-й Богородский переулок";179;4
"Асбест";"Лесхозная улица";104;3
"Буденновск";"Сорок Лет Октября, улица";172;1
"Анжеро-Судженск";"Овражная улица";63;3
"Арсеньев";"Молодёжная улица";50;2
"Буденновск";"1-я Пионерская улица";38;3
"Великие Луки";"Авиационная улица";98;1
"Видное";"Первомайская улица";30;4
"Ачинск";"Ново-Западная улица";177;1
"Белгород";"Совхозная улица";7;4
"Бор";"Подмосковные вечера, улица";47;1
"Барнаул";"Почтовая улица";142;4
"Балашов";"Тупик, улица";54;4
"Батайск";"Толбухина, улица";41;3
"Арзамас";"3-й Богородский переулок";91;2
"Владивосток";"Тихая улица";168;5
"Альметьевск";"Песчаная улица";175;3
"Буйнакск";"Светлый бульвар";75;1
"Бугульма";"Лесхозная улица";63;4
"Балашов";"1-я Пионерская улица";82;2
"Барнаул";"Цветочная улица";112;4
"Азов";"Симферопольское шоссе";80;5
"Алексин";"Советская улица";54;1
"Белореченск";"Западная улица";87;3
"Биробиджан";"Школьная улица";170;3
"Асбест";"Героя России Чернышёва, улица";30;5
"Барнаул";"Симферопольская улица";36;3
"Азов";"4-й Кленовый переулок";164;2
"Апатиты";"Берёзовая улица (деревня Бурцево)";48;4
"Боровичи";"Московская улица";50;5
"Асбест";"Космонавтов, улица";18;5
"Артем";"2-я Катерная улица";41;2
"Абакан";"1-й Заречный переулок";137;1
"Анжеро-Судженск";"Пушковых, улица";167;2
"Верхняя Пышма";"Северная улица";15;3
"Благовещенск";"Пионерский проезд";149;3
"Александров";"Авиаторов, улица";40;2
"Белогорск";"Барышевская Роща, улица";177;5
"Абакан";"3-я Пионерская улица";173;4
"Борисоглебск";"Ново-Западная улица";182;3
"Братск";"Кутузова, улица";41;1
"Архангельск";"Пушкинская улица";5;5
"Брянск";"Берёзовая улица (поселок Марьино)";147;2
"Буйнакск";"Вокзальная улица";53;3
"Батайск";"Обводная Дорога, улица";159;2
"Братск";"Радужная улица";108;1
"Бийск";"3-я Рыбацкая улица";158;1
"Великий Новгород";"1-я Катерная улица";28;3
"Верхняя Пышма";"Суворова, улица";21;3
"Балаково";"Лесхозная улица";89;1
"Анапа";"Полковника милиции Курочкина, улица";170;3
"Бор";"Большая Октябрьская улица";189;4
"Белгород";"Барыши, местечко";21;4
"Белореченск";"Громова, улица";22;2
"Алексин";"Лагерная улица";73;4
"Алексин";"3-я Барышевская улица";98;1
"Верхняя Пышма";"Лермонтова, улица";23;3
"Батайск";"Анатолия Харлампиева, улица";105;3
"Бузулук";"Мичурина, улица";62;1
"Архангельск";"Лермонтова, улица";87;5
"Белебей";"1-я Пионерская улица";47;2
"Александров";"3-я Валуевская улица";151;4
"Балаково";"Теннисная улица";85;5
"Арсеньев";"3-я Вишнёвая улица";33;1
"Белорецк";"3-я Пионерская улица";93;3
"Буденновск";"1-я Мичуринская улица";198;2
"Абакан";"Дальняя улица";160;4
"Абакан";"Лермонтова, улица";53;3
"Арсеньев";"2-я Барышевская улица";97;1
"Балаково";"4-я Валуевская улица";88;4
"Брянск";"Софийская улица";11;1
"Белогорск";"Июльская улица";155;5
"Александров";"Партизанская улица";198;1
"Верхняя Пышма";"Южная улица";159;2
"Видное";"Киевское шоссе";154;3
"Армавир";"Полковника милиции Курочкина, улица";183;1
"Алексин";"Софийская улица";135;2
"Александров";"Железнодорожная улица";42;5
"Альметьевск";"Берёзовая улица (поселок Марьино)";69;1
"Архангельск";"Фабричная площадь";45;4
"Барнаул";"Пионерский проезд";5;2
"Великий Новгород";"3-я Майская улица";62;4
"Великий Новгород";"Дальняя улица";66;3
"Благовещенск";"Тихая улица";150;2
"Архангельск";"1-й Богородский переулок";136;4
"Апатиты";"Подольская улица";173;5
"Арзамас";"1-я Мичуринская улица";138;5
"Бугульма";"Комсомольская улица";101;2
"Владивосток";"Русинская Роща, улица";80;3
"Белогорск";"2-я Валуевская улица";10;1
"Асбест";"Генерала Максимчука, улица";89;1
"Братск";"Зелёная улица";63;1
"Барнаул";"Софийская улица";120;4
"Буденновск";"Зелёная улица";156;1
"Березовский";"Набережная улица";163;4
"Балаково";"Зелёная улица";148;5
"Березовский";"Изумрудная улица";9;4
"Батайск";"Железнодорожная улица";83;3
"Альметьевск";"Кооперативная улица";177;2
"Батайск";"Цветочная улица";109;1
"Брянск";"1-я Изумрудная улица";56;2
"Ачинск";"Кирова, улица";31;3
"Анжеро-Судженск";"Симферопольская улица";33;5
"Владивосток";"Рассветная улица";87;5
"Бугульма";"Колхозная улица";138;5
"Асбест";"Дорожная улица";109;1
"Балахна";"Мостотреста, улица";92;4
"Барнаул";"Южная улица";144;3
"Борисоглебск";"Дачная улица";33;4
"Белогорск";"Южный квартал";68;1
"Балаково";"Рассветная улица";172;2
"Буденновск";"Флотская улица";84;2
"Алексин";"Симферопольская улица";167;5
"Артем";"Садовый Квартал, улица";141;2
"Борисоглебск";"3-я Рыбацкая улица";146;5
"Белорецк";"Академическая площадь";153;5
"Белебей";"2-я Рыбацкая улица";162;5
"Апатиты";"3-я Майская улица";177;5
"Алексин";"Киевское шоссе";171;2
"Владивосток";"Центральная улица";66;5
"Батайск";"Капитанская улица";166;1
"Асбест";"1-я Валуевская улица";101;4
"Арсеньев";"2-я Лазурная улица";25;1
"Ачинск";"Пионерская улица";22;4
"Балашиха";"Быковская улица";175;3
"Владивосток";"6-й Кленовый переулок";179;5
"Балаково";"Чайковского, улица";171;5
"Бугульма";"Кооперативная улица";163;5
"Великий Новгород";"Стасова, улица";76;3
"Белгород";"Остафьевская улица";7;3
"Белогорск";"Кооперативная улица";166;4
"Армавир";"3-я Майская улица";199;1
"Апатиты";"Светлая улица";73;3
"Балахна";"5-я Вишнёвая улица";153;4
"Астрахань";"Ломоносова, улица";51;1
"Ачинск";"Институтская улица";80;2
"Белгород";"Щербинский проезд";91;4
"Верхняя Пышма";"Люблинская улица";39;4
"Арзамас";"3-й Богородский переулок";116;5
"Великий Новгород";"Большая Октябрьская улица";44;1
"Бийск";"Олега Кошевого, улица";33;2
"Апатиты";"Обводная Дорога, улица";193;1
"Артем";"3-я Вишнёвая улица";27;4
"Белорецк";"Генерала Трошева, улица";190;2
"Белгород";"Луговая улица";100;4
"Белебей";"1-я Рыбацкая улица";92;4
"Борисоглебск";"Лесхозная улица";112;2
"Благовещенск";"Текстильщиков, улица";61;2
"Барнаул";"Дальняя улица";100;2
"Братск";"Чехова, улица";181;4
"Апатиты";"Подольская улица";62;5
"Бугульма";"3-я Пионерская улица";49;4
"Артем";"Богородская улица";155;5
"Брянск";"4-я Вишнёвая улица";58;2
"Биробиджан";"Промышленная улица";72;4
"Великие Луки";"Пушкинская улица";109;5
"Боровичи";"Совхозная улица";98;3
"Арсеньев";"Лагерный переулок";145;1
"Анжеро-Судженск";"Сорок Лет Октября, улица";167;4
"Борисоглебск";"Красная улица";107;3
"Бердск";"СНТ Волна, улица";18;4
"Бор";"Русинская Роща, улица";90;3
"Видное";"Лермонтова, улица";116;4
"Алексин";"2-я Изумрудная улица";18;3
"Белореченск";"1-я Валуевская улица";119;3
"Бор";"СНТ Волна, улица";162;4
"Бердск";"Генерала Максимчука, улица";56;5
"Боровичи";"Дзержинского, улица";126;5
"Алексин";"Олега Кошевого, улица";199;3
"Балаково";"Тупик, улица";97;2
"Буйнакск";"Дзержинского, улица";124;4
"Барнаул";"2-й Богородский переулок";172;5
"Буйнакск";"СНТ Волна, улица";8;1
"Белгород";"Авиаторов, улица";94;2
"Владивосток";"Цветочная улица";19;1
"Артем";"Садовая улица";165;5
"Армавир";"Изумрудная улица";65;4
"Арзамас";"Южная улица";159;5
"Азов";"Лесная улица";47;5
"Арсеньев";"Бутовское Кольцо, улица";93;1
"Березовский";"Радужная улица";198;4
"Биробиджан";"2-я Научная улица";123;4
"Армавир";"Маяковского, улица";52;1
"Балашов";"2-я Мичуринская улица";13;4
"Балашиха";"Ясная улица";160;1
"Азов";"Солнечная улица";152;5
"Бугульма";"2-я Научная улица";174;1
"Буденновск";"Остафьевское шоссе";136;5
"Бор";"Пролетарская улица";136;2
"Боровичи";"Чкалова, улица";24;1
"Видное";"Парковый переулок";50;1
"Белебей";"Лесная улица";117;3
"Балашов";"Софийская улица";199;3
"Астрахань";"Берёзовая улица (поселок Марьино)";184;3
"Буйнакск";"Дальняя улица";59;2
"Бийск";"Дальняя улица";163;2
"Арзамас";"Комсомольская улица";30;2
"Армавир";"Рыбацкий переулок";114;3
"Балаково";"Вишнёвая улица";91;1
"Брянск";"Юбилейная улица";119;2
"Балашиха";"2-я Научная улица";158;3
"Буйнакск";"Садовая улица";37;4
"Великий Новгород";"2-я Валуевская улица";191;1
"Абакан";"Новостроевская улица";46;5
"Видное";"1-й Богородский переулок";86;3
"Балашов";"Герцена, улица";99;4
"Асбест";"Академика Верещагина, площадь";6;1
"Ачинск";"Мичурина, улица";69;3
"Балахна";"3-й Кленовый переулок";118;3
"Ачинск";"Южная улица";147;4
"Асбест";"Институтская улица";72;4
"Боровичи";"Подольская улица";81;3
"Балашов";"Сосновая улица";7;3
"Белореченск";"Радужная улица";136;3
"Азов";"Авиаторов, улица";127;1
"Архангельск";"Комсомольский переулок";78;1
"Березовский";"Озёрная улица";139;1
"Балаково";"Филимонковская улица";22;3
"Березники";"Генерала Максимчука, улица";33;3
"Белорецк";"Спортивная улица";126;4
"Анапа";"8-я Вишнёвая улица";184;5
"Балашиха";"Почтовая улица";148;4
"Белебей";"4-я Рыбацкая улица";179;5
"Белореченск";"Сорок Лет Октября, улица";57;4
"Александров";"Красноармейская улица";75;3
"Белебей";"Анны Воиновой, улица";46;5
"Белово";"Рассветная улица";52;3
"Анжеро-Судженск";"Театральная улица";71;1
"Армавир";"3-я Валуевская улица";50;1
"Арзамас";"Рождественский переулок";186;3
"Апатиты";"Прудовая улица";135;1
"Бийск";"Дорожная улица";196;2
"Белорецк";"Заречная улица";80;3
"Белореченск";"Пушковых, улица";81;2
"Белогорск";"4-я Майская улица";23;4
"Великий Новгород";"Изумрудная улица";187;1
"Белорецк";"2-й Богородский переулок";104;3
"Белебей";"Театральная улица";192;4
"Балаково";"Киевское шоссе";34;5
"Белогорск";"Светлая улица";99;1
"Боровичи";"Дачная улица";78;4
"Анапа";"Котовского, улица";88;3
"Астрахань";"Колобенка, улица";180;5
"Ангарск";"Пионерская улица";25;2
"Владивосток";"1-я Мичуринская улица";178;3
"Братск";"Новая улица";70;5
"Арсеньев";"Новостройка, улица";13;4
"Березовский";"Сиреневая улица";135;4
"Березники";"Щербинский проезд";21;2
"Балашов";"Почтовая улица";107;2
"Буйнакск";"Лесная улица (поселок Щапово)";58;3
"Арзамас";"1-я Пионерская улица";55;2
"Балахна";"Заречная улица";36;4
"Арзамас";"Сыровская улица";50;5
"Великий Новгород";"1-я Майская улица";100;2
"Белебей";"Южный квартал";85;2
"Буйнакск";"Физическая улица";50;1
"Великий Новгород";"Летняя улица";130;5
"Анапа";"Московский переулок";179;3
"Биробиджан";"Ягодная улица";99;1
"Бузулук";"Колобенка, улица";99;4
"Белорецк";"8-я Вишнёвая улица";114;5
"Бийск";"2-я Лазурная улица";193;3
"Абакан";"Молодёжная улица";194;4
"Биробиджан";"Берёзовая улица (деревня Бурцево)";127;2
"Балашов";"Цветочная улица";126;3
"Балахна";"7-я Вишнёвая улица";93;1
"Бор";"Громова, улица";37;3
"Белорецк";"Урожайная улица";120;2
"Боровичи";"Парковая улица";28;5
"Азов";"2-я Изумрудная улица";152;4
"Братск";"2-я Мичуринская улица";73;2
"Борисоглебск";"Тимирязева, улица";113;3
"Бузулук";"Берёзовая улица (деревня Бурцево)";144;4
"Балашиха";"Маршала Кутахова, улица";187;5
"Азов";"Октябрьский проспект";67;5
"Белово";"Остафьевское шоссе";109;4
"Владивосток";"Южный квартал";158;2
"Ангарск";"Лермонтова, улица";11;2
"Бердск";"2-я Пионерская, улица";149;1
"Великие Луки";"Лагерный переулок";192;4
"Бузулук";"Комсомольская улица";138;3
"Видное";"3-я Рыбацкая улица";91;2
"Благовещенск";"Летняя улица";13;1
"Борисоглебск";"Подольская улица";7;1
"Арзамас";"Чапаева, улица";134;4
"Ачинск";"Московский переулок";94;2
"Апатиты";"4-й Богородский переулок";170;3
"Белорецк";"Авиаторов, улица";55;4
"Великий Новгород";"Лесная улица (поселок Курилово)";111;5
"Буденновск";"Анны Воиновой, улица";74;3
"Алексин";"Рыбацкий переулок";139;4
"Великий Новгород";"Космонавтов, улица";135;1
"Арзамас";"Киевское шоссе";157;5
"Абакан";"Героя России Чернышёва, улица";106;4
"Анапа";"Фабричная площадь";24;4
"Арсеньев";"Анатолия Харлампиева, улица";44;2
"Алексин";"Индустриальная улица";2;2
"Белгород";"Трудовая улица";130;5
"Бузулук";"Фруктовая улица";23;2
"Барнаул";"Новостройка, улица";163;4
"Алексин";"Улица Александровы Пруды";129;5
"Ачинск";"Вокзальная улица";174;5
"Березники";"Тихая улица";91;4
"Благовещенск";"Прудовая улица";165;1
"Альметьевск";"Комсомольская улица";137;5
"Брянск";"Богородская улица";48;3
"Белореченск";"Ломоносова, улица";23;1
"Асбест";"Чайковского, улица";21;5
"Брянск";"Обводная Дорога, улица";135;3
"Великий Новгород";"2-я Катерная улица";123;5
"Арсеньев";"Анны Воиновой, улица";92;4
"Батайск";"Бутовское Кольцо, улица";96;4
"Верхняя Пышма";"Дружбы, улица";9;1
"Братск";"Сосновая улица";82;5
"Армавир";"1-я Пионерская улица";134;2
"Балашиха";"Сосновая улица";126;5
"Архангельск";"Пролетарская улица";82;1
"Биробиджан";"Фруктовая улица";15;1
"Анапа";"Песчаная улица";144;1
"Арсеньев";"Генерала Трошева, улица";136;1
"Великий Новгород";"Стасовой, улица";142;5
"Балашиха";"Новостройка, улица";17;4
"Альметьевск";"Пушковых, улица";120;2
"Анжеро-Судженск";"Советская улица";16;1
"Абакан";"1-й Терновый переулок";163;5
"Буйнакск";"Железнодорожная улица";107;1
"Балаково";"Красноармейская улица";40;1
"Видное";"Обводная Дорога, улица";147;5
"Балашиха";"7-я Вишнёвая улица";135;5
"Артем";"Октябрьская улица";15;4
"Азов";"Быковская улица";112;3
"Асбест";"3-я Пионерская улица";157;2
"Балахна";"Анатолия Харлампиева, улица";147;1
"Балахна";"Стасовой, улица";196;3
"Александров";"Симферопольское шоссе";24;1
"Белореченск";"Юбилейная улица";58;5
"Великие Луки";"Лесная улица (поселок Курилово)";168;1
"Артем";"Лагерный переулок";193;4
"Альметьевск";"Дошкольная улица";148;1
"Барнаул";"Авиационная улица";84;2
"Бугульма";"Рассветная улица";40;3
"Артем";"Чайковского, улица";39;4
"Армавир";"Олега Кошевого, улица";43;5
"Арзамас";"Заводская улица";80;2
"Бор";"Светлый бульвар";106;4
"Березовский";"Заводская улица";183;3
"Бугульма";"Русинская Роща, улица";37;2
"Абакан";"Берёзовая улица (поселок Марьино)";37;5
"Балашов";"Почтовая улица";57;2
"Буйнакск";"Изумрудная улица";91;1
"Армавир";"Восточная улица";70;4
"Балаково";"Центральная улица";162;4
"Абакан";"Комсомольский проезд";128;3
"Балаково";"Институтская улица";82;2
"Азов";"Варшавское шоссе";28;2
"Владивосток";"Тупик, улица";130;2
"Балашов";"Комсомольская улица";70;4
"Арзамас";"Комсомольский проезд";184;1
"Белебей";"Цветочная улица";43;3
"Барнаул";"Авиационная улица";54;2
"Арзамас";"Обводная Дорога, улица";16;4
"Березники";"Лагерный переулок";47;3
"Великий Новгород";"Луговая улица";83;4
"Балахна";"Городская улица";116;4
"Борисоглебск";"Луговая улица";176;3
"Артем";"Родниковая улица";108;1
"Бузулук";"Лагерный переулок";188;5
"Альметьевск";"Родниковая улица";67;4
"Армавир";"Лесная улица";156;2
"Балашиха";"Просека, улица";48;3
"Брянск";"1-й Терновый переулок";40;4
"Великий Новгород";"5-я Вишнёвая улица";93;2
"Боровичи";"Новостройка, улица";131;5
"Ачинск";"Симферопольское шоссе";146;4
"Благовещенск";"2-я Вишнёвая улица";138;2
"Астрахань";"Генерала Трошева, улица";126;4
"Видное";"Фабричная площадь";73;5
"Буденновск";"Комсомольский проезд";152;5
"Буденновск";"Колхозная улица";126;3
"Балашов";"Пролетарская улица";156;4
"Владивосток";"Июльская улица";184;1
"Арсеньев";"3-я Барышевская улица";16;5
"Балахна";"Орджоникидзе, улица";45;4
"Бердск";"Улица Александровы Пруды";3;2
"Бердск";"Барыши, местечко";35;1
"Березники";"Барыши, местечко";131;4
"Абакан";"Театральная улица";161;1
"Ангарск";"Дошкольная улица";72;5
"Апатиты";"Громова, улица";120;2
"Алексин";"1-й Богородский переулок";165;2
"Балашиха";"Тихая улица";174;4
"Архангельск";"Южный квартал";15;5
"Асбест";"Лагерный переулок";32;1
"Альметьевск";"Гоголя, улица";140;5
"Алексин";"Кленовый переулок";5;1
"Великий Новгород";"2-я Барышевская улица";177;5
"Братск";"Рассветная улица";36;1
"Белорецк";"Кутузова, улица";171;2
"Анжеро-Судженск";"Улица Александровы Пруды";26;4
"Батайск";"Дальняя улица";143;1
"Альметьевск";"2-я Пионерская, улица";23;1
"Бузулук";"Железнодорожная улица";185;5
"Барнаул";"2-я Майская улица";79;5
"Астрахань";"Садовая улица";52;4
"Балашиха";"Калужское шоссе";42;1
"Абакан";"Учительский переулок";117;5
"Владивосток";"Институтская улица";184;2
"Великий Новгород";"Лесная улица (поселок Щапово)";28;2
"Белореченск";"3-я Барышевская улица";42;1
"Владивосток";"Учительский переулок";23;5
"Белореченск";"Родниковая улица";74;2
"Боровичи";"Калужское шоссе";119;2
"Благовещенск";"Дружбы, улица";171;2
"Ачинск";"Рассветная улица";79;3
"Альметьевск";"Полковника милиции Курочкина, улица";102;2
"Бугульма";"Радужная улица";185;5
"Астрахань";"Школьная улица";25;2
"Асбест";"Овражная улица";9;3
"Артем";"Вишнёвая улица";192;2
"Борисоглебск";"Просека, улица";159;4
"Белово";"Лесная улица";141;1
"Балаково";"1-я Изумрудная улица";137;4
"Благовещенск";"Русинская Роща, улица";30;5
"Архангельск";"Северная улица";43;2
"Ангарск";"2-я Майская улица";52;5
"Бугульма";"Южный квартал";71;4
"Бузулук";"Летняя улица";183;1
"Буйнакск";"Цветочная улица";100;2
"Астрахань";"Водопроводная улица";23;1
"Бийск";"Чайковского, улица";1;3
"Бузулук";"Сосновая улица";16;3
"Брянск";"Чкалова, улица";59;5
"Братск";"Стасовой, улица";168;4
"Владивосток";"Рабочая улица";124;5
"Асбест";"Чайковского, улица";37;1
"Армавир";"Школьная улица";83;1
"Астрахань";"Московская улица";135;3
"Анапа";"Почтовая улица";193;4
"Боровичи";"3-я Рыбацкая улица";92;3
"Бердск";"Лесная улица";82;4
"Балаково";"Комсомольская улица";105;1
"Белгород";"Подольская улица";42;1
"Анжеро-Судженск";"Берёзовая улица (поселок Марьино)";154;1
"Благовещенск";"Лесная улица";117;5
"Барнаул";"3-й Кленовый переулок";68;2
"Анжеро-Судженск";"5-я Вишнёвая улица";113;4
"Березники";"Центральная улица";26;3
"Ангарск";"Лермонтова, улица";60;1
"Балашиха";"Дошкольная улица";125;3
"Братск";"Вокзальная улица";69;5
"Верхняя Пышма";"Остафьевское шоссе";46;1
"Великий Новгород";"Красная улица";143;5
"Архангельск";"Дружбы, улица";155;5
"Брянск";"Лесхозная улица";139;1
"Великий Новгород";"Садовый квартал, улица";199;5
"Александров";"Варшавское шоссе";106;3
"Белогорск";"4-я Вишнёвая улица";86;5
"Белорецк";"Учительский переулок";111;5
"Апатиты";"СНТ Волна, улица";188;1
"Боровичи";"Анны Воиновой, улица";38;2
"Ангарск";"Пролетарская улица";198;2
"Ачинск";"Киевское шоссе";91;3
"Белово";"Почтовая улица";122;2
"Белореченск";"Фабричная площадь";169;2
"Белгород";"3-я Майская улица";113;1
"Белебей";"Дачная улица";115;3
"Бердск";"3-я Валуевская улица";135;2
"Борисоглебск";"Северная улица";71;3
"Березовский";"Рождественский переулок";54;3
"Барнаул";"Рассветная улица";125;2
"Апатиты";"Пионерская улица";64;1
"Артем";"Капитанская улица";175;2
"Брянск";"Лесная улица (поселок Курилово)";146;2
"Березники";"Сорок Лет Октября, улица";185;2
"Арзамас";"3-я Лазурная улица";104;3
"Асбест";"Урожайная улица";104;3
"Биробиджан";"Светлый бульвар";142;4
"Барнаул";"Киевское шоссе";151;1
"Буйнакск";"Новая улица";89;5
"Альметьевск";"2-я Лазурная улица";41;2
"Апатиты";"Михаила Кондакова, улица";53;2
"Армавир";"Водопроводная улица";84;5
"Арзамас";"Железнодорожная улица";37;4
"Азов";"Ясная улица";2;5
"Белебей";"Мичурина, улица";91;5
"Буйнакск";"Киевское шоссе";119;3
"Белореченск";"Живописная улица";61;4
"Великий Новгород";"6-я Вишнёвая улица";176;3
"Барнаул";"Лесхозная улица";86;2
"Великий Новгород";"Сатинская аллея";79;4
"Белогорск";"Анатолия Харлампиева, улица";32;1
"Борисоглебск";"1-я Майская улица";74;3
"Барнаул";"Остафьевское шоссе";11;3
"Армавир";"2-я Барышевская улица";173;5
"Абакан";"Красноармейская улица";175;3
"Владивосток";"3-й Кленовый переулок";60;4
"Анапа";"Изумрудная улица";154;1
"Брянск";"Озёрная улица";54;4
"Бийск";"Тихая улица";119;3
"Бор";"3-я Валуевская улица";171;4
"Бузулук";"4-я Майская улица";80;1
"Великий Новгород";"Стасовой, улица";92;2
"Бердск";"Барыши, местечко";56;3
"Березовский";"Речная улица";92;3
"Альметьевск";"Суворова, улица";63;3
"Белорецк";"Новая улица";111;4
"Балахна";"Академика Верещагина, площадь";115;1
"Арзамас";"Академическая улица";175;2
"Бузулук";"3-й Богородский переулок";102;1
"Владивосток";"Бутовское Кольцо, улица";190;1
"Братск";"Чехова, улица";25;5
"Братск";"Театральная улица";31;4
"Альметьевск";"Рождественский переулок";142;5
"Бор";"Цветочная улица";77;1
"Буденновск";"Академическая улица";171;2
"Верхняя Пышма";"Рабочая улица";152;2
"Березники";"1-я Рыбацкая улица";161;3
"Альметьевск";"Водопроводная улица";106;3
"Боровичи";"Фруктовая улица";38;4
"Великий Новгород";"Озёрная улица";193;5
"Артем";"Весенняя улица";46;5
"Балашиха";"Речная улица";101;2
"Армавир";"Озёрная улица";95;1
"Биробиджан";"Кооперативная улица";101;1
"Абакан";"Котовского, улица";17;5
"Буйнакск";"Лесхозная улица";171;5
"Армавир";"2-я Мичуринская улица";93;2
"Бийск";"Нижняя улица";48;1
"Александров";"Урожайная улица";10;4
"Астрахань";"1-я Валуевская улица";82;4
"Благовещенск";"Изумрудная улица";66;2
"Буйнакск";"Парковый переулок";80;2
"Бузулук";"Авиаторов, улица";64;1
"Белорецк";"Изумрудная улица";70;2
"Бийск";"Западная улица";149;3
"Абакан";"3-я Рыбацкая улица";188;4
"Бор";"Мичурина, улица";163;1
"Анжеро-Судженск";"Подмосковные вечера, улица";176;1
"Анжеро-Судженск";"Мичурина, улица";182;4
"Белогорск";"4-й Заречный переулок";30;4
"Березовский";"1-я Мичуринская улица";122;2
"Арзамас";"Речная улица";58;5
"Алексин";"Суворова, улица";153;1
"Арзамас";"Сиреневая улица";55;2
"Благовещенск";"Рыбацкий переулок";56;5
"Балашиха";"Барыши, местечко";17;1
"Благовещенск";"Лесхозная улица";91;3
"Бузулук";"1-й Терновый переулок";131;3
"Абакан";"Ягодная улица";159;2
"Арзамас";"Пионерская улица";109;4
"Буйнакск";"Зелёная улица";35;1
"Владивосток";"Кутузова, улица";52;4
"Верхняя Пышма";"Октябрьский проспект";119;2
"Братск";"Бутовское Кольцо, улица";70;3
"Ангарск";"Флотская улица";162;2
"Белебей";"Почтовая улица";174;4
"Братск";"4-я Валуевская улица";100;1
"Верхняя Пышма";"Западная улица";132;1
"Буденновск";"Евгения Родионова, улица";18;2
"Братск";"Озёрная улица";146;3
"Альметьевск";"Маршала Кутахова, улица";147;2
"Бийск";"Изумрудная улица";95;2
"Белореченск";"2-я Изумрудная улица";40;5
"Бугульма";"2-я Научная улица";192;1
"Балахна";"2-я Пионерская, улица";28;1
"Березники";"Пушкинская улица";109;5
"Асбест";"Авиационная улица";111;2
"Бор";"1-я Майская улица";84;4
"Александров";"Стасовой, улица";133;4
"Алексин";"Дружбы, улица";177;3
"Белебей";"Заречная улица";32;5
"Балаково";"Летняя улица";190;1
"Балаково";"Прибрежная улица";188;4
"Великие Луки";"Комсомольский переулок";26;1
"Великие Луки";"2-я Барышевская улица";59;5
"Балаково";"Академическая улица";93;5
"Великие Луки";"Просека, улица";94;1
"Бор";"Сатинская аллея";36;3
"Великие Луки";"Сиреневая улица";71;4
"Бугульма";"3-я Валуевская улица";160;1
"Ангарск";"Прибрежная улица";20;4
"Владивосток";"Комсомольская улица";82;4
"Великий Новгород";"Сыровская улица";115;2
"Анжеро-Судженск";"1-я Майская улица";193;3
"Батайск";"Октябрьская улица";169;1
"Березовский";"Евгения Родионова, улица";77;3
"Борисоглебск";"Орджоникидзе, улица";4;3
"Белебей";"Комсомольская улица";111;3
"Балахна";"Овражная улица";85;2
"Азов";"2-я Валуевская улица";150;1
"Борисоглебск";"4-я Рыбацкая улица";41;5
"Благовещенск";"Совхозная улица";168;5
"Бор";"2-я Вишнёвая улица";35;2
"Барнаул";"Школьная улица";172;4
"Верхняя Пышма";"3-я Пионерская улица";91;5
"Владивосток";"Берёзовая улица";82;2
"Азов";"Симферопольское шоссе";179;3
"Анжеро-Судженск";"Зелёная улица";169;1
"Ачинск";"Чайковского, улица";166;1
"Биробиджан";"Чапаева, улица";64;5
"Белгород";"Лесная улица (поселок Щапово)";77;2
"Анжеро-Судженск";"Новостройка, улица";126;5
"Асбест";"Кленовый переулок";195;2
"Белореченск";"Рождественский переулок";47;2
"Бор";"Трудовая улица";65;5
"Балаково";"Московская улица";6;1
"Александров";"Южная улица";134;3
"Верхняя Пышма";"Городская улица";183;1
"Бузулук";"Сиреневая улица";149;3
"Верхняя Пышма";"1-я Майская улица";162;3
"Балашиха";"1-я Мичуринская улица";77;2
"Буйнакск";"Весенняя улица";54;3
"Альметьевск";"Капитанская улица";41;3
"Бузулук";"Водопроводная улица";50;4
"Балаково";"Гоголя, улица";158;2
"Буйнакск";"Пролетарская улица";125;3
"Бузулук";"Нижняя улица";133;1
"Балашиха";"Подольская улица";33;2
"Борисоглебск";"Комсомольская улица";113;4
"Белово";"2-я Лазурная улица";108;4
"Бийск";"Горка, улица";107;5
"Брянск";"3-я Рыбацкая улица";188;4
"Архангельск";"Мостотреста, улица";2;3
"Биробиджан";"Дальняя улица";44;3
"Белово";"Чайковского, улица";119;3
"Бийск";"Гоголя, улица";17;2
"Белово";"4-й Богородский переулок";152;4
"Балахна";"1-я Валуевская улица";192;4
"Белово";"Трудовая улица";130;1
"Балаково";"Барышевская Роща, улица";143;4
"Абакан";"Светлый бульвар";65;1
"Бийск";"Озёрная улица";111;5
"Бузулук";"3-я Рыбацкая улица";98;3
"Белореченск";"5-я Вишнёвая улица";110;1
"Балаково";"Кирова, улица";26;4
"Бузулук";"Фабричная площадь";157;2
"Балаково";"Трудовая улица";134;2
"Анапа";"Обводная Дорога, улица";140;3
"Великий Новгород";"Ясная улица";53;2
"Брянск";"Садовая улица";95;4
"Белово";"2-я Вишнёвая улица";83;3
"Биробиджан";"1-я Рыбацкая улица";187;1
"Балаково";"Суворова, улица";8;5
"Белогорск";"3-я Барышевская улица";96;4
"Астрахань";"Остафьевская улица";86;2
"Бердск";"Рассветная улица";97;2
"Белорецк";"Генерала Трошева, улица";92;5
"Белгород";"6-я Вишнёвая улица";173;3
"Балашов";"Колхозная улица";142;5
"Боровичи";"Комсомольская улица";73;1
"Анапа";"Маяковского, улица";55;4
"Алексин";"Дачная улица";137;5
"Астрахань";"Симферопольская улица";162;1
"Батайск";"Дорожная улица";21;2
"Архангельск";"Кутузова, улица";104;5
"Белебей";"Толбухина, улица";164;5
"Армавир";"Новостройка, улица";112;3
"Буйнакск";"3-я Вишнёвая улица";18;4
"Астрахань";"Родниковая улица";158;2
"Балашов";"Анны Воиновой, улица";147;4
"Березники";"Русинская Роща, улица";118;4
"Ачинск";"Сиреневый бульвар";194;4
"Березовский";"Подмосковные вечера, улица";37;2
"Благовещенск";"3-я Лазурная улица";98;3
"Биробиджан";"Улица Александровы Пруды";166;3
"Белореченск";"Светлая улица";104;3
"Асбест";"Берёзовая улица (деревня Бурцево)";59;1
"Барнаул";"Стасовой, улица";38;5
"Анапа";"Автомобильная дорога А-107";81;2
"Белореченск";"Берёзовая улица (поселок Марьино)";1;4
"Артем";"2-я Валуевская улица";124;3
"Бузулук";"Быковская улица";38;3
"Брянск";"Железнодорожная улица";73;4
"Верхняя Пышма";"2-я Научная улица";164;4
"Асбест";"Пушкинская улица";41;4
"Асбест";"Октябрьский проспект";151;2
"Ангарск";"Заозёрная улица";21;3
"Березовский";"Кирова, улица";12;2
"Азов";"Дзержинского, улица";68;3
"Владивосток";"Парковая улица";142;2
"Балашиха";"Железнодорожная улица";137;4
"Арзамас";"Лагерный переулок";168;5
"Белгород";"Песчаная улица";56;3
"Армавир";"Пионерский проезд";130;2
"Бугульма";"Садовая улица";37;2
"Арзамас";"Ломоносова, улица";141;2
"Белорецк";"Остафьевское шоссе";44;5
"Асбест";"Теннисная улица";120;3
"Великий Новгород";"Дзержинского, улица";6;4
"Алексин";"Энгельса, улица";1;5
"Буйнакск";"Учительский переулок";52;2
"Алексин";"2-я Валуевская улица";187;4
"Белово";"Красноармейская улица";159;5
"Белогорск";"Озёрная улица";40;5
"Арсеньев";"Родниковая улица";191;2
"Азов";"Спортивная улица";34;3
"Архангельск";"Генерала Трошева, улица";177;1
"Березники";"Остафьевская улица";175;2
"Биробиджан";"Дзержинского, улица";153;3
"Белореченск";"Обводная Дорога, улица";20;2
"Биробиджан";"Центральная улица";151;5
"Белогорск";"2-я Центральная улица";168;3
"Белебей";"Школьная улица";44;3
"Благовещенск";"Сиреневый бульвар";27;5
"Ачинск";"Академическая площадь";148;5
"Апатиты";"Лесная улица (поселок Щапово)";137;2
"Буденновск";"Щербинский проезд";156;5
"Ангарск";"Физическая улица";32;3
"Буйнакск";"Живописная улица";186;3
"Видное";"Песчаная улица";101;3
"Азов";"Капитанская улица";108;5
"Видное";"Маршала Кутахова, улица";70;1
"Анапа";"Ломоносова, улица";119;1
"Балашов";"Чехова, улица";121;1
"Апатиты";"2-я Валуевская улица";102;4
"Братск";"Бутовское Кольцо, улица";27;2
"Балашиха";"Западная улица";104;2
"Балахна";"Тимирязева, улица";47;1
"Ачинск";"Рабочая улица";97;2
"Боровичи";"Заводская улица";198;1
"Балашов";"Автомобильная дорога А-107";59;2
"Александров";"Южная улица";88;1
"Братск";"Пушковых, улица";110;1
"Буденновск";"Новая улица";36;3
"Видное";"Люблинская улица";155;3
"Асбест";"Евгения Родионова, улица";139;1
"Архангельск";"Колхозная улица";185;4
"Биробиджан";"Пушкинская улица";168;1
"Бор";"7-я Вишнёвая улица";43;3
"Белогорск";"Красная улица";86;5
"Борисоглебск";"Летняя улица";121;2
"Александров";"8-я Вишнёвая улица";117;4
"Бийск";"Анны Воиновой, улица";179;2
"Буйнакск";"6-й Кленовый переулок";5;1
"Брянск";"Прибрежная улица";122;2
"Верхняя Пышма";"1-я Валуевская улица";110;2
"Бердск";"Чкалова, улица";43;4
"Артем";"Генерала Трошева, улица";41;1
"Буденновск";"3-я Майская улица";13;5
"Балашиха";"Сыровская улица";50;1
"Белореченск";"Авиаторов, улица";28;4
"Арсеньев";"Лесхозная улица";110;2
"Анапа";"Остафьевское шоссе";90;5
"Великие Луки";"Пушкинская улица";174;5
"Батайск";"Остафьевская улица";38;2
"Батайск";"3-я Вишнёвая улица";172;5
"Апатиты";"Советская улица";8;1
"Астрахань";"Дружбы, улица";21;1
"Братск";"Тихая улица";36;3
"Биробиджан";"Героя России Чернышёва, улица";61;1
"Астрахань";"3-я Лазурная улица";114;2
"Апатиты";"Летняя улица";182;2
"Анапа";"Южный квартал";53;2
"Бузулук";"Овражная улица";99;3
"Балахна";"3-я Пионерская улица";103;1
"Верхняя Пышма";"Сорок Лет Октября, улица";123;3
"Буденновск";"Гоголя, улица";104;5
"Артем";"Быковская улица";138;3
"Асбест";"3-я Рыбацкая улица";98;1
"Апатиты";"2-й Богородский переулок";164;2
"Балашиха";"Богородская улица";68;5
"Алексин";"3-й Богородский переулок";113;2
"Великий Новгород";"Авиационная улица";41;4
"Березовский";"Генерала Максимчука, улица";187;3
"Армавир";"Люблинская улица";47;4
"Борисоглебск";"Академическая площадь";114;5
"Буденновск";"Солнечная улица";110;1
"Алексин";"Бутовский тупик";34;3
"Буденновск";"Чехова, улица";72;5
"Березники";"Толбухина, улица";116;5
"Брянск";"Барышевская улица";118;1
"Ангарск";"Михаила Кондакова, улица";53;4
"Архангельск";"Южный квартал";103;2
"Белебей";"Комсомольский проезд";193;1
"Великие Луки";"Дальняя улица";17;3
"Биробиджан";"Сатинская аллея";68;2
"Брянск";"Лесная улица (поселок Щапово)";61;2
"Буденновск";"Зелёная улица";101;2
"Бердск";"4-я Майская улица";190;1
"Белово";"Толбухина, улица";79;1
"Балаково";"Трудовая улица";105;3
"Брянск";"Кутузова, улица";195;2
"Барнаул";"Улица Александровы Пруды";115;1
"Белгород";"Рыбацкий переулок";185;4
"Алексин";"Кленовый переулок";63;4
"Армавир";"Пушкинская улица";193;3
"Балашиха";"Северная улица";65;4
"Белорецк";"Светлая улица";79;3
"Ангарск";"Улица Александровы Пруды";165;3
"Артем";"Флотская улица";60;1
"Боровичи";"Вокзальная улица";11;2
"Белогорск";"Рождественский переулок";86;3
"Березники";"Луговая улица";41;5
"Батайск";"Луговая улица";182;3
"Благовещенск";"Лесная улица (поселок Курилово)";12;4
"Боровичи";"Солнечная улица";2;2
"Верхняя Пышма";"Нагорная улица";164;2
"Барнаул";"Лагерный переулок";113;1
"Белорецк";"Московский переулок";63;3
"Балашиха";"Цветочная улица";132;4
"Видное";"Комсомольская улица";62;3
"Архангельск";"Лесхозная улица";119;5
"Биробиджан";"2-я Майская улица";93;3
"Альметьевск";"Симферопольское шоссе";1;4
"Великий Новгород";"4-я Валуевская улица";173;3
"Бугульма";"Пушкинская улица";61;3
"Арсеньев";"Московский переулок";181;3
"Видное";"Симферопольское шоссе";22;5
"Березники";"1-я Валуевская улица";184;3
"Азов";"Герцена, улица";105;2
"Армавир";"Луговая улица";4;1
"Асбест";"Громова, улица";158;3
"Батайск";"3-й Кленовый переулок";31;3
"Березовский";"3-я Майская улица";147;3
"Благовещенск";"2-я Валуевская улица";86;2
"Белебей";"Кирова, улица";65;4
"Бузулук";"Котовского, улица";141;2
"Астрахань";"Озёрная улица";48;1
"Балахна";"Академическая улица";117;3
"Балашиха";"8-я Вишнёвая улица";17;4
"Белогорск";"Светлый бульвар";169;2
"Биробиджан";"Ягодная улица";4;5
"Бийск";"Светлый бульвар";67;4
"Алексин";"Мирная улица";52;5
"Белгород";"1-я Мичуринская улица";41;3
"Брянск";"Филимонковская улица";163;2
"Биробиджан";"Рабочая улица";31;2
"Бийск";"Живописная улица";66;4
"Балахна";"Симферопольская улица";73;5
"Белгород";"2-я Мичуринская улица";149;4
"Анжеро-Судженск";"Дорожная улица";154;5
"Анжеро-Судженск";"Садовый квартал, улица";181;3
"Белореченск";"Чайковского, улица";60;5
"Балахна";"Барышевская Роща, улица";161;3
"Борисоглебск";"Водопроводная улица";31;1
"Благовещенск";"Заречная улица";196;1
"Батайск";"Советская улица";79;1
"Анапа";"Большая Октябрьская улица";103;2
"Брянск";"Комсомольский переулок";117;1
"Буйнакск";"Быковская улица";39;3
"Балашов";"Богородская улица";33;2
"Батайск";"Центральная улица";155;5
"Белореченск";"2-я Мичуринская улица";191;1
"Бийск";"Парковый переулок";175;1
"Арзамас";"Андреевская улица";41;3
"Боровичи";"3-я Лазурная улица";115;4
"Великие Луки";"Берёзовая улица (поселок Марьино)";63;3
"Бийск";"Зелёная улица";6;3
"Александров";"Юбилейная улица";3;2
"Ангарск";"Академика Верещагина, площадь";46;3
"Арсеньев";"Фабричная площадь";184;3
"Бийск";"Первомайская улица";51;3
"Брянск";"Водопроводная улица";35;4
"Балашов";"Ново-Западная улица";144;3
"Ачинск";"Железнодорожная улица";8;2
"Великие Луки";"Академическая улица";67;5
"Артем";"Зелёная улица";158;4
"Балахна";"Полковника милиции Курочкина, улица";26;1
"Ангарск";"2-я Вишнёвая улица";146;2
"Арзамас";"Западная улица";131;5
"Ангарск";"Гоголя, улица";110;1
"Балашиха";"Бутовское Кольцо, улица";103;5
"Анапа";"Михаила Кондакова, улица";118;2
"Борисоглебск";"Котовского, улица";79;3
"Белореченск";"Генерала Трошева, улица";66;1
"Балашов";"Дачная улица";151;1
"Армавир";"Лесная улица (поселок Щапово)";38;3
"Абакан";"Звёздная улица";23;4
"Альметьевск";"Колобенка, улица";118;1
"Благовещенск";"Живописная улица";117;4
"Анапа";"Физическая улица";74;1
"Видное";"Энгельса, улица";56;5
"Бор";"Маяковского, улица";139;5
"Великий Новгород";"1-й Терновый переулок";110;4
"Буденновск";"3-я Рыбацкая улица";48;4
"Астрахань";"Подольская улица";9;5
"Брянск";"1-я Пионерская улица";12;2
"Белорецк";"Большая Октябрьская улица";33;5
"Балашов";"Партизанская улица";78;3
"Ачинск";"Чкалова, улица";144;5
"Белово";"Берёзовая улица (поселок Марьино)";29;2
"Белореченск";"Капитанская улица";71;5
"Алексин";"Овражная улица";76;2
"Батайск";"Дорожная улица";89;4
"Верхняя Пышма";"Быковская улица";77;1
"Балашов";"Партизанская улица";138;5
"Биробиджан";"Заозёрная улица";126;3
"Белогорск";"Юбилейная улица";92;3
"Белогорск";"Подмосковные вечера, улица";16;3
"Белебей";"Рождественский переулок";127;4
"Балашиха";"Дошкольная улица";46;4
"Астрахань";"Лесная улица (поселок Щапово)";182;4
"Белогорск";"Комсомольская улица";137;5
"Архангельск";"Садовый Квартал, улица";172;5
"Видное";"Калужское шоссе";166;2
"Ангарск";"Прибрежная улица";70;3
"Брянск";"2-я Катерная улица";25;1
"Асбест";"Симферопольское шоссе";198;5
"Алексин";"Чехова, улица";31;5
"Архангельск";"3-я Лазурная улица";143;5
"Анжеро-Судженск";"Дачная улица";40;5
"Белебей";"Учительский переулок";109;4
"Владивосток";"4-я Майская улица";91;5
"Асбест";"Чапаева, улица";131;1
"Альметьевск";"2-я Пионерская, улица";142;1
"Белореченск";"4-й Заречный переулок";44;4
"Азов";"Стасова, улица";94;2
"Белорецк";"Южный квартал";69;1
"Видное";"Садовая улица";143;3
"Арсеньев";"Софийская улица";165;1
"Артем";"Промышленная улица";188;4
"Бор";"Софийская улица";155;5
"Белово";"Летняя улица";196;5
"Анапа";"Подольская улица";36;5
"Балахна";"Южная улица";28;2
"Барнаул";"Сорок Лет Октября, улица";66;5
"Азов";"3-я Пионерская улица";110;4
"Видное";"Новая улица";197;4
"Бердск";"Генерала Трошева, улица";45;2
"Анжеро-Судженск";"Красная улица";104;4
"Белорецк";"Советская улица";15;3
"Великий Новгород";"2-я Майская улица";114;5
"Белгород";"Лесная улица (поселок Курилово)";89;4
"Ангарск";"Почтовая улица";17;2
"Буйнакск";"Фруктовая улица";74;5
"Белогорск";"Заречная улица";123;1
"Ангарск";"Урожайная улица";18;4
"Бердск";"Ягодная улица";26;3
"Белогорск";"Нагорная улица";119;1
"Видное";"Институтская улица";135;5
"Благовещенск";"Подольская улица";66;5
"Великий Новгород";"Колобенка, улица";93;5
"Братск";"Центральная улица";189;2
"Боровичи";"Северная улица";29;5
"Видное";"5-я Вишнёвая улица";187;1
"Белгород";"Симферопольское шоссе";103;4
"Белорецк";"Академическая улица";79;4
"Абакан";"Кирова, улица";37;4
"Владивосток";"1-я Барышевская улица";145;4
"Биробиджан";"Лермонтова, улица";28;5
"Брянск";"Комсомольский проезд";111;1
"Альметьевск";"Евгения Родионова, улица";102;3
"Борисоглебск";"Южный квартал";93;4
"Абакан";"Флотская улица";56;3
"Брянск";"Орджоникидзе, улица";57;2
"Балашов";"1-я Катерная улица";63;1
"Абакан";"Анны Воиновой, улица";135;1
"Азов";"Кленовый переулок";21;4
"Бердск";"Песчаная улица";23;2
"Балахна";"Школьная улица";182;3
"Астрахань";"Авиаторов, улица";96;4
"Александров";"6-й Кленовый переулок";76;1
"Бердск";"Академическая улица";188;4
"Армавир";"Нижняя улица";132;3
"Владивосток";"Барыши, местечко";150;5
"Брянск";"8-я Вишнёвая улица";189;3
"Березовский";"Высотная улица";157;3
"Балаково";"Суворова, улица";89;1
"Батайск";"Михаила Кондакова, улица";140;2
"Белогорск";"Пролетарская улица";186;5
"Бор";"Нагорная улица";11;3
"Ангарск";"Урожайная улица";108;4
"Биробиджан";"Евгения Родионова, улица";32;1
"Батайск";"Водопроводная улица";161;2
"Брянск";"Маршала Кутахова, улица";15;1
"Балашов";"Живописная улица";103;1
"Армавир";"Институтская улица";165;2
"Бузулук";"Школьная улица";67;5
"Анапа";"Пушкинская улица";55;2
"Буденновск";"Флотская улица";63;1
"Ачинск";"Дачная улица";163;3
"Бор";"Пионерская улица";82;3
"Апатиты";"Киевское шоссе";89;4
"Бузулук";"2-я Рыбацкая улица";193;2
"Братск";"Дальняя улица";42;5
"Архангельск";"Цветочная улица";166;3
"Белогорск";"Новая улица";16;5
"Буйнакск";"8-я Вишнёвая улица";118;1
"Балаково";"Овражная улица";34;1
"Бор";"Маршала Кутахова, улица";133;2
"Анапа";"Симферопольское шоссе";29;1
"Белогорск";"7-я Вишнёвая улица";78;4
"Азов";"Евгения Родионова, улица";54;1
"Борисоглебск";"Весенняя улица";103;3
"Бийск";"Громова, улица";180;4
"Ачинск";"1-я Барышевская улица";160;3
"Великий Новгород";"Институтская улица";171;3
"Владивосток";"Западная улица";51;5
"Бор";"Новостроевская улица";86;1
"Асбест";"Живописная улица";85;4
"Александров";"Русинская Роща, улица";120;2
"Владивосток";"Заозёрная улица";157;2
"Балаково";"Сиреневая улица";127;4
"Александров";"Мирная улица";7;2
"Березовский";"Энгельса, улица";146;2
"Верхняя Пышма";"Южный квартал";157;4
"Белгород";"Кооперативная улица";192;5
"Архангельск";"Русинская Роща, улица";183;1
"Борисоглебск";"Комсомольский проезд";179;2
"Батайск";"Тихая улица";180;2
"Белореченск";"Барышевская Роща, улица";172;1
"Азов";"3-я Барышевская улица";103;4
"Арзамас";"Текстильщиков, улица";154;1
"Березовский";"Герцена, улица";190;3
"Альметьевск";"Тимирязева, улица";50;5
"Астрахань";"2-я Рыбацкая улица";109;5
"Асбест";"Варшавское шоссе";176;4
"Анжеро-Судженск";"2-я Центральная улица";197;2
"Балахна";"Пушкинская улица";161;5
"Арсеньев";"Северная улица";127;1
"Бор";"3-й Богородский переулок";19;5
"Видное";"Остафьевское шоссе";20;3
"Белорецк";"Рыбацкий переулок";147;5
"Барнаул";"Заречная улица";12;3
"Архангельск";"Светлая улица";1;1
"Буденновск";"Авиационная улица";138;5
"Великий Новгород";"Изумрудная улица";123;1
"Биробиджан";"Орджоникидзе, улица";144;4
"Альметьевск";"Быковская улица";163;1
"Бугульма";"Новостройка, улица";126;1
"Березники";"Дальняя улица";20;2
"Биробиджан";"Советская улица";85;2
"Александров";"2-я Лазурная улица";79;5
"Анапа";"2-я Научная улица";27;4
"Биробиджан";"Октябрьский проспект";21;4
"Белебей";"7-я Вишнёвая улица";83;1
"Владивосток";"Кутузова, улица";182;5
"Верхняя Пышма";"2-я Майская улица";15;3
"Ангарск";"Евгения Родионова, улица";23;5
"Белогорск";"Лесхозная улица";72;1
"Березовский";"Чкалова, улица";148;2
"Белгород";"5-я Майская улица";134;3
"Балашов";"Пушкинская улица";155;2
"Анапа";"2-я Катерная улица";84;2
"Белореченск";"Симферопольская улица";45;5
"Бугульма";"Железнодорожная улица";180;1
"Белорецк";"Учительский переулок";37;1
"Братск";"2-я Изумрудная улица";30;4
"Александров";"Звёздная улица";62;4
"Борисоглебск";"3-я Лазурная улица";75;3
"Артем";"Рассветная улица";80;5
"Батайск";"Южная улица";101;3
"Белебей";"1-я Майская улица";88;3
"Бор";"Герцена, улица";9;3
"Ачинск";"Авиаторов, улица";31;3
"Братск";"Учительский переулок";181;2
"Балашиха";"Октябрьский проспект";31;1
"Буйнакск";"Урожайная улица";150;4
"Буйнакск";"6-я Вишнёвая улица";182;4
"Барнаул";"Кутузова, улица";178;2
"Белгород";"Горка, улица";77;4
"Боровичи";"Анатолия Харлампиева, улица";86;2
"Буйнакск";"Осенняя улица";19;2
"Альметьевск";"4-й Заречный переулок";5;2
"Алексин";"Цветочная улица";1;2
"Армавир";"3-я Рыбацкая улица";195;2
"Арзамас";"Мостотреста, улица";129;5
"Альметьевск";"3-я Барышевская улица";134;1
"Балаково";"Толбухина, улица";198;5
"Балахна";"2-я Центральная улица";115;2
"Анапа";"Лагерный переулок";29;5
"Артем";"1-я Центральная улица";115;5
"Бузулук";"Светлая улица";104;2
"Ангарск";"Тимирязева, улица";178;1
"Боровичи";"Юбилейная улица";142;1
"Великий Новгород";"Парковый переулок";99;5
"Борисоглебск";"Филимонковская улица";196;3
"Алексин";"Светлая улица";39;4
"Балаково";"Высотная улица";24;5
"Азов";"Почтовая улица";56;2
"Белово";"Симферопольское шоссе";110;4
"Азов";"Космонавтов, улица";90;4
"Александров";"Садовая улица";81;1
"Великий Новгород";"Индустриальная улица";50;3
"Бузулук";"Анатолия Харлампиева, улица";196;3
"Александров";"Остафьевское шоссе";47;4
"Барнаул";"Вокзальная улица";122;1
"Борисоглебск";"Котовского, улица";50;5
"Апатиты";"Кооперативная улица";140;2
"Боровичи";"Космонавтов, улица";181;5
"Анжеро-Судженск";"Берёзовая улица";107;4
"Азов";"2-я Катерная улица";155;4
"Белорецк";"Академическая площадь";83;1
"Алексин";"Институтская улица";26;4
"Асбест";"1-я Мичуринская улица";141;4
"Арзамас";"Первомайская улица";94;2
"Барнаул";"1-я Пионерская улица";151;2
"Балашиха";"Пролетарская улица";88;1
"Бийск";"Автомобильная дорога А-107";130;2
"Алексин";"Советская улица";50;1
"Арзамас";"4-я Майская улица";153;2
"Алексин";"Берёзовая улица (деревня Бурцево)";119;4
"Бузулук";"Светлая улица";38;1
"Ачинск";"2-я Научная улица";137;4
"Белебей";"Светлая улица";54;5
"Братск";"СНТ Волна, улица";27;4
"Александров";"Большая Октябрьская улица";199;4
"Ачинск";"Улица Александровы Пруды";117;1
"Белгород";"Пионерская улица";146;4
"Арзамас";"Комсомольская улица";190;3
"Биробиджан";"Фабричная площадь";98;4
"Березовский";"Щербинский проезд";134;2
"Ангарск";"Просека, улица";183;5
"Бердск";"Ново-Западная улица";163;1
"Алексин";"1-я Катерная улица";154;5
"Бугульма";"Суворова, улица";33;5
"Астрахань";"Лесная улица";27;4
"Буйнакск";"Рабочая улица";156;3
"Апатиты";"Вишнёвая улица";1;4
"Анапа";"Ломоносова, улица";77;5
"Борисоглебск";"Парковая улица";199;1
"Великий Новгород";"Почтовая улица";104;1
"Благовещенск";"Прибрежная улица";154;3
"Березники";"Промышленная улица";52;5
"Белореченск";"Авиационная улица";90;4
"Анжеро-Судженск";"1-я Барышевская улица";63;2
"Буденновск";"Генерала Трошева, улица";3;2
"Белорецк";"Дружбы, улица";174;2
"Альметьевск";"Лесная улица";145;5
"Братск";"4-я Вишнёвая улица";118;1
"Березники";"Ново-Западная улица";188;2
"Буйнакск";"Трудовая улица";192;2
"Азов";"Светлый бульвар";114;3
"Буйнакск";"Прудовая улица";125;1
"Белово";"Колхозная улица";199;4
"Асбест";"Советская улица";142;1
"Бузулук";"Подольская улица";92;1
"Анапа";"Юбилейная улица";72;5
"Буденновск";"1-й Терновый переулок";173;5
"Абакан";"Цветочная улица";99;4
"Владивосток";"3-я Вишнёвая улица";46;5
"Балашов";"1-я Мичуринская улица";67;2
"Ачинск";"Заречная улица";52;3
"Буденновск";"Космонавтов, улица";11;5
"Барнаул";"Горка, улица";42;2
"Белорецк";"3-я Вишнёвая улица";116;5
"Арзамас";"Сиреневая улица";19;2
"Астрахань";"4-я Валуевская улица";148;2
"Азов";"Зелёная улица";109;1
"Армавир";"1-й Терновый переулок";20;2
"Белебей";"Садовый Квартал, улица";83;2
"Борисоглебск";"4-й Богородский переулок";14;2
"Балашиха";"Барышевская Роща, улица";46;5
"Буденновск";"Берёзовая улица (поселок Марьино)";55;5
"Белореченск";"1-я Майская улица";13;3
"Белово";"2-я Рыбацкая улица";115;3
"Бузулук";"Котовского, улица";98;4
"Великие Луки";"Летняя улица";149;5
"Бугульма";"Михаила Кондакова, улица";110;3
"Владивосток";"2-я Лазурная улица";97;1
"Владивосток";"Пионерский проезд";38;3
"Асбест";"Генерала Трошева, улица";171;1
"Братск";"Ясная улица";185;4
"Бор";"Июльская улица";4;1
"Анжеро-Судженск";"4-я Вишнёвая улица";113;3
"Астрахань";"Железнодорожная улица";41;1
"Балахна";"Киевское шоссе";68;1
"Азов";"Барышевская улица";18;3
"Бугульма";"1-я Валуевская улица";101;3
"Алексин";"Чайковского, улица";122;5
"Ангарск";"Лесная улица (поселок Щапово)";179;3
"Белорецк";"Космонавтов, улица";97;3
"Брянск";"Калужское шоссе";27;5
"Асбест";"3-я Валуевская улица";18;4
"Буденновск";"Стасовой, улица";61;5
"Астрахань";"2-я Мичуринская улица";48;4
"Александров";"Весенняя улица";64;3
"Архангельск";"Лермонтова, улица";161;3
"Буйнакск";"Фруктовая улица";132;5
"Балахна";"Пушковых, улица";135;5
"Белогорск";"Спортивная улица";94;4
"Биробиджан";"Сиреневый бульвар";96;3
"Астрахань";"Тихая улица";98;5
"Биробиджан";"Чапаева, улица";136;2
"Армавир";"Мирная улица";167;4
"Астрахань";"Партизанская улица";31;4
"Артем";"Симферопольское шоссе";65;2
"Балаково";"Прудовая улица";130;1
"Белебей";"Молодёжная улица";34;2
"Бор";"Пролетарская улица";143;4
"Анжеро-Судженск";"Летняя улица";91;3
"Балаково";"4-й Кленовый переулок";53;5
"Бугульма";"3-й Кленовый переулок";168;5
"Буденновск";"Берёзовая улица (поселок Марьино)";48;2
"Арсеньев";"2-я Рыбацкая улица";50;3
"Ангарск";"Парковая улица";151;2
"Владивосток";"Полковника милиции Курочкина, улица";91;5
"Белово";"Сиреневый бульвар";13;4
"Арсеньев";"Новостройка, улица";113;3
"Белгород";"Лагерная улица";31;2
"Балашов";"Изумрудная улица";165;5
"Видное";"Академическая улица";90;2
"Арсеньев";"Лагерный переулок";108;5
"Борисоглебск";"Первомайская улица";68;2
"Белебей";"Комсомольский проезд";87;3
"Бердск";"Генерала Максимчука, улица";117;2
"Анжеро-Судженск";"Пушкинская улица";77;1
"Батайск";"Зелёная улица";180;3
"Азов";"Еловая улица";39;5
"Ачинск";"Рождественская улица";12;4
"Боровичи";"Щербинский проезд";192;4
"Алексин";"Тимирязева, улица";147;2
"Брянск";"Советская улица";106;4
"Асбест";"Кленовый переулок";117;5
"Биробиджан";"2-й Богородский переулок";27;5
"Березовский";"Академика Верещагина, площадь";67;3
"Биробиджан";"Новая улица";187;4
"Азов";"4-й Богородский переулок";121;1
"Видное";"Октябрьский проспект";55;5
"Барнаул";"Парковая улица";2;1
"Анжеро-Судженск";"Городская улица";3;5
"Астрахань";"Пионерская улица";145;5
"Барнаул";"Совхозная улица";119;2
"Артем";"Первомайская улица";187;5
"Ачинск";"Садовая улица";136;2
"Батайск";"Авиационная улица";150;4
"Азов";"4-й Богородский переулок";141;5
"Белебей";"Почтовая улица";42;2
"Борисоглебск";"Новостройка, улица";54;5
"Белогорск";"5-я Майская улица";147;2
"Белгород";"Заречная улица";196;2
"Видное";"6-я Вишнёвая улица";19;1
"Биробиджан";"Живописная улица";22;3
"Ангарск";"Нагорная улица";113;2
"Буденновск";"Озёрная улица";34;3
"Березники";"4-я Валуевская улица";25;4
"Александров";"Садовый квартал, улица";170;2
"Бердск";"5-я Майская улица";93;5
"Бугульма";"6-й Кленовый переулок";31;5
"Бийск";"Быковская улица";58;5
"Видное";"Русинская Роща, улица";108;2
"Бийск";"Июльская улица";78;5
"Борисоглебск";"Физическая улица";153;3
"Абакан";"Прудовая улица";92;3
"Арзамас";"2-я Изумрудная улица";133;2
"Боровичи";"Фруктовая улица";144;1
"Балашов";"Кленовый переулок";131;3
"Биробиджан";"Киевское шоссе";155;4
"Балашиха";"Подольская улица";113;4
"Барнаул";"Ново-Западная улица";49;1
"Анапа";"Совхозная улица";106;2
"Буйнакск";"Рыбацкий переулок";191;3
"Буйнакск";"4-й Заречный переулок";108;5
"Борисоглебск";"Дачная улица";119;5
"Белгород";"6-я Вишнёвая улица";82;5
"Абакан";"Филимонковская улица";99;2
"Абакан";"Советская улица";39;2
"Буденновск";"1-я Валуевская улица";31;5
"Артем";"1-я Пионерская улица";42;4
"Видное";"Светлая улица";89;4
"Анжеро-Судженск";"Сиреневый бульвар";136;5
"Асбест";"Садовый квартал, улица";198;3
"Бердск";"Чайковского, улица";26;4
"Братск";"Дальняя улица";194;5
"Анжеро-Судженск";"Речная улица";62;3
"Александров";"2-й Богородский переулок";123;3
"Армавир";"Садовый квартал, улица";131;4
"Асбест";"Фруктовая улица";198;2
"Анжеро-Судженск";"Тимирязева, улица";177;4
"Бузулук";"3-я Валуевская улица";147;2
"Бузулук";"Прибрежная улица";75;3
"Белебей";"Бутовское Кольцо, улица";147;2
"Белебей";"Чехова, улица";40;1
"Белорецк";"Киевское шоссе";75;3
"Белогорск";"Флотская улица";199;4
"Брянск";"2-я Изумрудная улица";106;2
"Асбест";"Сатинская аллея";67;5
"Бор";"Нижняя улица";63;4
"Батайск";"5-я Майская улица";198;1
"Барнаул";"2-я Мичуринская улица";89;3
"Альметьевск";"Тупик, улица";40;5
"Балашиха";"Кирова, улица";193;3
"Астрахань";"1-я Центральная улица";169;5
"Бийск";"1-я Пионерская улица";93;4
"Анжеро-Судженск";"Авиаторов, улица";87;1
"Биробиджан";"Толбухина, улица";18;1
"Бердск";"6-й Кленовый переулок";175;3
"Александров";"Заводская улица";20;4
"Белогорск";"Софийская улица";9;4
"Анжеро-Судженск";"3-й Кленовый переулок";30;3
"Березники";"Рыбацкий переулок";172;2
"Боровичи";"Пушкинская улица";196;2
"Ачинск";"1-я Центральная улица";85;1
"Асбест";"Лагерный переулок";147;2
"Астрахань";"Суворова, улица";196;3
"Белореченск";"Промышленная улица";16;3
"Ачинск";"3-я Барышевская улица";49;4
"Великий Новгород";"Барыши, местечко";159;4
"Абакан";"Берёзовая улица";149;2
"Благовещенск";"Лесная улица";36;3
"Балашиха";"7-я Вишнёвая улица";76;2
"Алексин";"Урожайная улица";10;1
"Батайск";"Южный квартал";170;3
"Архангельск";"Фруктовая улица";173;5
"Балашов";"Прудная улица";114;3
"Буйнакск";"Физическая улица";182;2
"Биробиджан";"Речная улица";119;5
"Брянск";"Фабричная площадь";50;3
"Биробиджан";"Гоголя, улица";188;2
"Анжеро-Судженск";"5-я Майская улица";45;2
"Ачинск";"Чапаева, улица";75;1
"Алексин";"Бутовский тупик";5;1
"Великие Луки";"Прудная улица";148;5
"Владивосток";"Суворова, улица";6;3
"Балахна";"1-я Барышевская улица";45;4
"Буденновск";"Текстильщиков, улица";139;5
"Брянск";"Парковый переулок";198;1
"Белебей";"Нагорная улица";125;4
"Белореченск";"Рассветная улица";156;4
"Апатиты";"Авиационная улица";91;5
"Белогорск";"Олега Кошевого, улица";120;3
"Альметьевск";"Садовый квартал, улица";141;3
"Астрахань";"Берёзовая улица (поселок Марьино)";56;1
"Борисоглебск";"Кленовый переулок";120;5
"Биробиджан";"Сосновая улица";115;3
"Арзамас";"Ягодная улица";21;4
"Балашиха";"Дорожная улица";87;4
"Артем";"Берёзовая улица (поселок Марьино)";180;5
"Благовещенск";"Ломоносова, улица";184;1
"Алексин";"Прудовая улица";47;2
"Батайск";"Ясная улица";33;5
"Альметьевск";"Толбухина, улица";38;4
"Брянск";"8-я Вишнёвая улица";67;4
"Биробиджан";"Берёзовая улица";183;3
"Балашов";"Ясная улица";121;4
"Армавир";"3-я Валуевская улица";26;2
"Борисоглебск";"Овражная улица";193;4
"Белореченск";"2-я Валуевская улица";111;1
"Боровичи";"Майская улица";81;5
"Биробиджан";"Октябрьская улица";198;3
"Армавир";"1-я Рыбацкая улица";23;3
"Альметьевск";"3-я Вишнёвая улица";155;2
"Белореченск";"Осенняя улица";29;1
"Бор";"Генерала Трошева, улица";98;5
"Асбест";"Подольская улица";81;5
"Артем";"Вокзальная улица";25;1
"Бийск";"Полковника милиции Курочкина, улица";159;5
"Альметьевск";"Горка, улица";107;1
"Арсеньев";"Люблинская улица";188;4
"Великие Луки";"Пионерская улица";55;4
"Белорецк";"Дружбы, улица";149;3
"Анапа";"Рабочая улица";46;2
"Березовский";"Котовского, улица";23;4
"Арзамас";"Текстильщиков, улица";20;2
"Армавир";"Генерала Максимчука, улица";192;3
"Балашов";"Сатинская аллея";98;3
"Александров";"1-я Барышевская улица";186;2
"Балаково";"Филимонковская улица";146;4
"Барнаул";"1-я Майская улица";168;5
"Верхняя Пышма";"Софийская улица";19;4
"Балахна";"Ломоносова, улица";11;3
"Белгород";"2-я Изумрудная улица";197;1
"Белорецк";"Парковый переулок";87;2
"Алексин";"Песчаная улица";160;4
"Арсеньев";"Богородская улица";87;1
"Абакан";"Новостройка, улица";74;4
"Бердск";"7-я Вишнёвая улица";92;5
"Азов";"Физическая улица";129;4
"Владивосток";"Михаила Кондакова, улица";39;3
"Видное";"Живописная улица";120;4
"Балашиха";"Андреевская улица";112;3
"Апатиты";"Прибрежная улица";152;1
"Ангарск";"3-я Пионерская улица";189;3
"Бор";"Лагерная улица";164;4
"Братск";"5-я Вишнёвая улица";195;2
"Армавир";"Набережная улица";114;5
"Благовещенск";"Лесная улица (поселок Щапово)";163;4
"Борисоглебск";"Подмосковные вечера, улица";29;3
"Азов";"Индустриальная улица";16;3
"Белогорск";"Берёзовая улица (поселок Марьино)";171;4
"Верхняя Пышма";"Пионерская улица";42;1
"Барнаул";"Стасовой, улица";152;3
"Ачинск";"Котовского, улица";96;4
"Азов";"1-я Центральная улица";103;1
"Белгород";"Красная улица";76;5
"Великие Луки";"1-я Валуевская улица";177;5
"Братск";"Школьная улица";84;3
"Боровичи";"СНТ Волна, улица";12;4
"Белорецк";"6-я Вишнёвая улица";41;1
"Березники";"Московская улица";58;1
"Великие Луки";"Речная улица";150;2
"Брянск";"Громова, улица";90;1
"Бугульма";"Железнодорожная улица";84;5
"Бор";"Комсомольский проезд";195;3
"Арсеньев";"2-я Изумрудная улица";174;2
"Белорецк";"3-я Вишнёвая улица";21;2
"Барнаул";"4-я Вишнёвая улица";99;2
"Белово";"Тихая улица";89;5
"Березники";"Героя России Чернышёва, улица";166;4
"Бор";"Тупик, улица";157;1
"Березники";"Западная улица";107;1
"Бузулук";"Громова, улица";130;3
"Брянск";"Большая Октябрьская улица";144;5
"Верхняя Пышма";"Ясная улица";44;5
"Арзамас";"Ясная улица";120;3
"Биробиджан";"Вокзальная улица";191;2
"Артем";"Пионерский проезд";175;5
"Балашиха";"Маяковского, улица";48;1
"Ачинск";"Прудная улица";177;2
"Апатиты";"Толбухина, улица";84;1
"Белореченск";"Нижняя улица";186;1
"Великий Новгород";"Нагорная улица";186;1